STATE,DISTRICT,ORG_QRT,MEMBER_GROUP,TRADE_SIZE,NUMBER_OF_LOANS,DELINQUENT_30P6M_TRADES,NUMBER_OF_LOANS_90P12M,DELINQUENT_90P12M_TRADES,TOTAL_SANCTIONED_AMOUNT,PINCODE
Maharashtra,Mumbai,2025-Q2,Banks,F,2310,254,1882.0,149.0,252487924.0,415214
Maharashtra,Mumbai,2025-Q2,NBFCs,E,1705,167,1252.0,106.0,175267510.0,445307
Maharashtra,Mumbai,2025-Q2,MFIs,H,2334,146,1738.0,54.0,140822640.0,441104
Maharashtra,Mumbai,2025-Q2,HFCs,E,344,18,298.0,20.0,25274339.0,441212
Maharashtra,Mumbai,2025-Q3,Banks,E,1832,82,1463.0,88.0,126859311.0,445307
Maharashtra,Mumbai,2025-Q3,NBFCs,G,1688,115,1241.0,78.0,180461377.0,431125
Maharashtra,Mumbai,2025-Q3,MFIs,K,2970,339,2182.0,86.0,309920315.0,415214
Maharashtra,Mumbai,2025-Q3,HFCs,H,1411,91,1128.0,85.0,63823101.0,421305
Maharashtra,Mumbai,2025-Q4,Banks,E,2778,282,2039.0,122.0,136127194.0,415214
Maharashtra,Mumbai,2025-Q4,NBFCs,G,2838,310,2324.0,98.0,196166249.0,440007
Maharashtra,Mumbai,2025-Q4,MFIs,I,2152,131,1753.0,152.0,139758264.0,445307
Maharashtra,Mumbai,2025-Q4,HFCs,J,814,65,614.0,35.0,82668974.0,444201
Maharashtra,Mumbai,2026-Q1,Banks,F,227,16,179.0,16.0,17196726.0,425409
Maharashtra,Mumbai,2026-Q1,NBFCs,H,1117,125,840.0,38.0,121317738.0,441212
Maharashtra,Mumbai,2026-Q1,MFIs,I,2466,219,1799.0,136.0,262096530.0,440019
Maharashtra,Mumbai,2026-Q1,HFCs,F,300,16,217.0,17.0,31580954.0,431125
Maharashtra,Pune,2025-Q2,Banks,E,2093,147,1637.0,88.0,232370019.0,444904
Maharashtra,Pune,2025-Q2,NBFCs,K,2943,255,2341.0,137.0,198283847.0,400604
Maharashtra,Pune,2025-Q2,MFIs,G,729,72,583.0,24.0,59271238.0,415015
Maharashtra,Pune,2025-Q2,HFCs,J,2191,132,1630.0,145.0,200802486.0,431518
Maharashtra,Pune,2025-Q3,Banks,G,2900,288,2544.0,148.0,287892867.0,416235
Maharashtra,Pune,2025-Q3,NBFCs,E,1029,77,813.0,55.0,86818371.0,425403
Maharashtra,Pune,2025-Q3,MFIs,I,2609,244,2141.0,180.0,234665144.0,416235
Maharashtra,Pune,2025-Q3,HFCs,K,2792,146,2115.0,131.0,295618981.0,444504
Maharashtra,Pune,2025-Q4,Banks,G,2634,170,2044.0,174.0,186518643.0,444601
Maharashtra,Pune,2025-Q4,NBFCs,K,2107,125,1588.0,133.0,190172147.0,415802
Maharashtra,Pune,2025-Q4,MFIs,K,2152,94,1867.0,74.0,141054396.0,415015
Maharashtra,Pune,2025-Q4,HFCs,J,2626,220,1956.0,66.0,239300231.0,401606
Maharashtra,Pune,2026-Q1,Banks,G,1337,86,1165.0,62.0,81176411.0,425403
Maharashtra,Pune,2026-Q1,NBFCs,G,1768,108,1434.0,116.0,154831368.0,401606
Maharashtra,Pune,2026-Q1,MFIs,E,603,28,526.0,28.0,65008894.0,416235
Maharashtra,Pune,2026-Q1,HFCs,G,2760,228,2377.0,155.0,318296960.0,401603
Maharashtra,Nagpur,2025-Q2,Banks,H,495,26,420.0,31.0,41831710.0,410509
Maharashtra,Nagpur,2025-Q2,NBFCs,I,335,27,294.0,13.0,21033899.0,400042
Maharashtra,Nagpur,2025-Q2,MFIs,J,614,28,500.0,36.0,35580839.0,413512
Maharashtra,Nagpur,2025-Q2,HFCs,G,2556,242,1988.0,62.0,130349783.0,410509
Maharashtra,Nagpur,2025-Q3,Banks,E,2435,226,2072.0,164.0,291070249.0,400024
Maharashtra,Nagpur,2025-Q3,NBFCs,E,848,53,726.0,30.0,70667100.0,431521
Maharashtra,Nagpur,2025-Q3,MFIs,F,522,32,413.0,23.0,34283739.0,412411
Maharashtra,Nagpur,2025-Q3,HFCs,K,2987,185,2513.0,206.0,161847292.0,441102
Maharashtra,Nagpur,2025-Q4,Banks,F,1149,116,828.0,45.0,111845574.0,413512
Maharashtra,Nagpur,2025-Q4,NBFCs,G,2279,174,1804.0,64.0,245166067.0,402102
Maharashtra,Nagpur,2025-Q4,MFIs,K,1923,137,1493.0,102.0,220431869.0,441102
Maharashtra,Nagpur,2025-Q4,HFCs,H,794,82,604.0,21.0,48633103.0,400186
Maharashtra,Nagpur,2026-Q1,Banks,E,665,52,511.0,30.0,71861601.0,416313
Maharashtra,Nagpur,2026-Q1,NBFCs,K,2965,148,2463.0,116.0,177997453.0,412410
Maharashtra,Nagpur,2026-Q1,MFIs,K,2511,182,1935.0,103.0,262253639.0,412410
Maharashtra,Nagpur,2026-Q1,HFCs,K,2441,227,1888.0,154.0,114952698.0,412411
Maharashtra,Thane,2025-Q2,Banks,K,1120,91,951.0,66.0,101252897.0,444511
Maharashtra,Thane,2025-Q2,NBFCs,H,277,28,233.0,13.0,14688159.0,400064
Maharashtra,Thane,2025-Q2,MFIs,I,2778,248,2241.0,147.0,193586679.0,400005
Maharashtra,Thane,2025-Q2,HFCs,I,1126,54,970.0,30.0,122148411.0,425105
Maharashtra,Thane,2025-Q3,Banks,G,2327,231,1842.0,84.0,206733724.0,400005
Maharashtra,Thane,2025-Q3,NBFCs,E,1929,208,1520.0,75.0,155109251.0,413319
Maharashtra,Thane,2025-Q3,MFIs,K,1962,156,1584.0,79.0,195926326.0,444511
Maharashtra,Thane,2025-Q3,HFCs,I,294,16,258.0,21.0,16448285.0,431741
Maharashtra,Thane,2025-Q4,Banks,K,2117,188,1545.0,127.0,148798721.0,445001
Maharashtra,Thane,2025-Q4,NBFCs,E,541,50,424.0,33.0,46967982.0,400005
Maharashtra,Thane,2025-Q4,MFIs,J,632,53,464.0,25.0,65574930.0,425105
Maharashtra,Thane,2025-Q4,HFCs,G,2391,189,1917.0,64.0,246513215.0,400005
Maharashtra,Thane,2026-Q1,Banks,H,1233,110,1058.0,60.0,97840800.0,400005
Maharashtra,Thane,2026-Q1,NBFCs,G,1759,151,1273.0,53.0,209462280.0,431513
Maharashtra,Thane,2026-Q1,MFIs,J,1376,161,1075.0,45.0,129421822.0,413319
Maharashtra,Thane,2026-Q1,HFCs,H,2607,233,1917.0,83.0,292743385.0,431741
Maharashtra,Nashik,2025-Q2,Banks,E,2100,88,1654.0,147.0,149253576.0,401107
Maharashtra,Nashik,2025-Q2,NBFCs,G,797,43,687.0,59.0,46274624.0,444707
Maharashtra,Nashik,2025-Q2,MFIs,I,2023,212,1655.0,145.0,97747391.0,444707
Maharashtra,Nashik,2025-Q2,HFCs,J,672,75,534.0,46.0,32827377.0,416303
Maharashtra,Nashik,2025-Q3,Banks,J,2550,183,2194.0,163.0,195552309.0,416551
Maharashtra,Nashik,2025-Q3,NBFCs,K,857,45,747.0,58.0,84265583.0,400702
Maharashtra,Nashik,2025-Q3,MFIs,E,2011,149,1724.0,127.0,173413024.0,444109
Maharashtra,Nashik,2025-Q3,HFCs,H,1016,55,753.0,59.0,106477381.0,416303
Maharashtra,Nashik,2025-Q4,Banks,G,1971,141,1725.0,143.0,184411638.0,444109
Maharashtra,Nashik,2025-Q4,NBFCs,E,2564,205,1945.0,96.0,161868499.0,415505
Maharashtra,Nashik,2025-Q4,MFIs,K,1733,206,1439.0,48.0,143831877.0,444707
Maharashtra,Nashik,2025-Q4,HFCs,H,1034,42,837.0,32.0,66720535.0,414603
Maharashtra,Nashik,2026-Q1,Banks,E,2010,229,1537.0,99.0,153726503.0,416112
Maharashtra,Nashik,2026-Q1,NBFCs,H,2591,166,2164.0,164.0,293450716.0,414603
Maharashtra,Nashik,2026-Q1,MFIs,K,1957,220,1710.0,98.0,178447044.0,416303
Maharashtra,Nashik,2026-Q1,HFCs,H,346,21,257.0,10.0,34493838.0,444707
Maharashtra,Aurangabad,2025-Q2,Banks,F,2480,240,2015.0,128.0,272513241.0,415526
Maharashtra,Aurangabad,2025-Q2,NBFCs,H,211,21,168.0,14.0,14495783.0,414605
Maharashtra,Aurangabad,2025-Q2,MFIs,G,1429,136,1094.0,39.0,163277542.0,445201
Maharashtra,Aurangabad,2025-Q2,HFCs,K,2742,235,2037.0,64.0,167563580.0,442401
Maharashtra,Aurangabad,2025-Q3,Banks,G,2132,197,1814.0,58.0,125423018.0,415708
Maharashtra,Aurangabad,2025-Q3,NBFCs,F,2930,289,2343.0,182.0,245004776.0,413114
Maharashtra,Aurangabad,2025-Q3,MFIs,I,2305,250,1682.0,129.0,136238264.0,412403
Maharashtra,Aurangabad,2025-Q3,HFCs,I,628,40,531.0,36.0,69768266.0,415708
Maharashtra,Aurangabad,2025-Q4,Banks,K,1458,99,1251.0,79.0,166699385.0,412211
Maharashtra,Aurangabad,2025-Q4,NBFCs,I,1666,158,1345.0,98.0,139749596.0,441904
Maharashtra,Aurangabad,2025-Q4,MFIs,H,596,52,456.0,29.0,58163237.0,424205
Maharashtra,Aurangabad,2025-Q4,HFCs,G,1905,176,1538.0,61.0,112865267.0,441904
Maharashtra,Aurangabad,2026-Q1,Banks,G,1832,216,1367.0,68.0,124040499.0,425428
Maharashtra,Aurangabad,2026-Q1,NBFCs,J,2091,99,1839.0,137.0,216713078.0,424205
Maharashtra,Aurangabad,2026-Q1,MFIs,K,768,54,654.0,41.0,80702175.0,401701
Maharashtra,Aurangabad,2026-Q1,HFCs,E,1868,140,1618.0,75.0,87632074.0,411014
Maharashtra,Solapur,2025-Q2,Banks,K,1973,184,1452.0,113.0,128810096.0,431519
Maharashtra,Solapur,2025-Q2,NBFCs,J,2471,120,1941.0,111.0,144293995.0,431519
Maharashtra,Solapur,2025-Q2,MFIs,K,294,26,230.0,16.0,29114318.0,444402
Maharashtra,Solapur,2025-Q2,HFCs,I,941,45,718.0,29.0,43654859.0,402301
Maharashtra,Solapur,2025-Q3,Banks,K,1755,98,1351.0,106.0,199804191.0,401604
Maharashtra,Solapur,2025-Q3,NBFCs,F,1351,82,1099.0,82.0,161429026.0,414303
Maharashtra,Solapur,2025-Q3,MFIs,H,2921,197,2504.0,181.0,193966584.0,400102
Maharashtra,Solapur,2025-Q3,HFCs,H,705,68,527.0,25.0,84554578.0,411001
Maharashtra,Solapur,2025-Q4,Banks,J,763,80,575.0,35.0,66129698.0,402208
Maharashtra,Solapur,2025-Q4,NBFCs,E,351,26,270.0,14.0,16251269.0,411001
Maharashtra,Solapur,2025-Q4,MFIs,J,1353,155,1051.0,36.0,124268819.0,444402
Maharashtra,Solapur,2025-Q4,HFCs,G,2984,233,2482.0,201.0,150848264.0,401604
Maharashtra,Solapur,2026-Q1,Banks,E,574,28,456.0,29.0,29171367.0,402402
Maharashtra,Solapur,2026-Q1,NBFCs,K,1988,185,1531.0,58.0,177875633.0,402208
Maharashtra,Solapur,2026-Q1,MFIs,K,434,24,328.0,21.0,25159366.0,431519
Maharashtra,Solapur,2026-Q1,HFCs,F,1101,108,845.0,28.0,104658956.0,416615
Maharashtra,Kolhapur,2025-Q2,Banks,F,2925,273,2166.0,82.0,284139586.0,416503
Maharashtra,Kolhapur,2025-Q2,NBFCs,G,1925,189,1401.0,44.0,209383138.0,402209
Maharashtra,Kolhapur,2025-Q2,MFIs,G,867,53,655.0,31.0,93144342.0,402209
Maharashtra,Kolhapur,2025-Q2,HFCs,H,1956,126,1477.0,87.0,207409851.0,416413
Maharashtra,Kolhapur,2025-Q3,Banks,E,568,29,444.0,20.0,65349299.0,400030
Maharashtra,Kolhapur,2025-Q3,NBFCs,I,1661,151,1385.0,93.0,149193239.0,425112
Maharashtra,Kolhapur,2025-Q3,MFIs,H,1857,143,1420.0,99.0,152650141.0,431402
Maharashtra,Kolhapur,2025-Q3,HFCs,I,2007,209,1674.0,72.0,196076710.0,416503
Maharashtra,Kolhapur,2025-Q4,Banks,K,1809,205,1588.0,117.0,119167783.0,413603
Maharashtra,Kolhapur,2025-Q4,NBFCs,K,1070,57,795.0,29.0,127894376.0,413221
Maharashtra,Kolhapur,2025-Q4,MFIs,F,1646,92,1415.0,67.0,197271867.0,431704
Maharashtra,Kolhapur,2025-Q4,HFCs,E,691,45,499.0,23.0,57717098.0,425112
Maharashtra,Kolhapur,2026-Q1,Banks,E,2743,119,2122.0,128.0,280689011.0,413130
Maharashtra,Kolhapur,2026-Q1,NBFCs,K,1930,134,1480.0,96.0,133558352.0,412405
Maharashtra,Kolhapur,2026-Q1,MFIs,H,2399,270,1886.0,80.0,190231591.0,416413
Maharashtra,Kolhapur,2026-Q1,HFCs,I,348,23,263.0,12.0,16104395.0,416413
Karnataka,Bengaluru Urban,2025-Q2,Banks,I,2239,154,1731.0,120.0,261612734.0,585221
Karnataka,Bengaluru Urban,2025-Q2,NBFCs,G,1315,148,970.0,82.0,155542995.0,590019
Karnataka,Bengaluru Urban,2025-Q2,MFIs,I,715,70,617.0,25.0,71216904.0,590019
Karnataka,Bengaluru Urban,2025-Q2,HFCs,G,2924,275,2379.0,72.0,173510912.0,577135
Karnataka,Bengaluru Urban,2025-Q3,Banks,J,793,82,677.0,35.0,89832606.0,571475
Karnataka,Bengaluru Urban,2025-Q3,NBFCs,J,2553,228,1989.0,152.0,289703657.0,585210
Karnataka,Bengaluru Urban,2025-Q3,MFIs,E,2688,257,2122.0,107.0,304269239.0,580023
Karnataka,Bengaluru Urban,2025-Q3,HFCs,E,1752,184,1414.0,52.0,140649907.0,577002
Karnataka,Bengaluru Urban,2025-Q4,Banks,E,1038,52,859.0,34.0,74357291.0,585353
Karnataka,Bengaluru Urban,2025-Q4,NBFCs,G,1018,73,777.0,62.0,99922678.0,577135
Karnataka,Bengaluru Urban,2025-Q4,MFIs,K,2124,183,1553.0,86.0,107250071.0,585353
Karnataka,Bengaluru Urban,2025-Q4,HFCs,E,694,76,596.0,49.0,77945315.0,583284
Karnataka,Bengaluru Urban,2026-Q1,Banks,F,2465,197,1924.0,71.0,154286264.0,577002
Karnataka,Bengaluru Urban,2026-Q1,NBFCs,F,908,45,733.0,56.0,58390569.0,590019
Karnataka,Bengaluru Urban,2026-Q1,MFIs,J,1036,71,843.0,45.0,82468202.0,585210
Karnataka,Bengaluru Urban,2026-Q1,HFCs,F,1014,94,749.0,59.0,107118405.0,585210
Karnataka,Mysuru,2025-Q2,Banks,G,956,62,797.0,42.0,93004842.0,586213
Karnataka,Mysuru,2025-Q2,NBFCs,F,2676,131,2322.0,182.0,315681660.0,581237
Karnataka,Mysuru,2025-Q2,MFIs,G,1570,91,1370.0,62.0,160500489.0,574244
Karnataka,Mysuru,2025-Q2,HFCs,G,514,55,405.0,15.0,28184699.0,581116
Karnataka,Mysuru,2025-Q3,Banks,I,2465,153,1886.0,162.0,179749398.0,591125
Karnataka,Mysuru,2025-Q3,NBFCs,E,1019,75,738.0,35.0,54187039.0,581145
Karnataka,Mysuru,2025-Q3,MFIs,F,973,68,850.0,38.0,75064257.0,591125
Karnataka,Mysuru,2025-Q3,HFCs,H,1327,60,1030.0,62.0,126758712.0,570033
Karnataka,Mysuru,2025-Q4,Banks,G,2916,198,2349.0,118.0,202935635.0,574231
Karnataka,Mysuru,2025-Q4,NBFCs,I,1177,95,988.0,84.0,128752120.0,571604
Karnataka,Mysuru,2025-Q4,MFIs,J,561,29,434.0,27.0,50901382.0,581116
Karnataka,Mysuru,2025-Q4,HFCs,F,218,17,158.0,12.0,10821025.0,586213
Karnataka,Mysuru,2026-Q1,Banks,J,2516,151,2082.0,102.0,297822080.0,581145
Karnataka,Mysuru,2026-Q1,NBFCs,H,1784,132,1340.0,114.0,108874812.0,591125
Karnataka,Mysuru,2026-Q1,MFIs,J,1856,185,1490.0,67.0,159359084.0,570033
Karnataka,Mysuru,2026-Q1,HFCs,E,1568,101,1159.0,40.0,80380485.0,581145
Karnataka,Dharwad,2025-Q2,Banks,K,1668,148,1399.0,117.0,103500217.0,561204
Karnataka,Dharwad,2025-Q2,NBFCs,F,860,96,690.0,52.0,48316587.0,583121
Karnataka,Dharwad,2025-Q2,MFIs,E,2381,264,2007.0,167.0,172851841.0,574218
Karnataka,Dharwad,2025-Q2,HFCs,E,1764,72,1320.0,92.0,116635137.0,575001
Karnataka,Dharwad,2025-Q3,Banks,H,2103,238,1609.0,56.0,132448758.0,575001
Karnataka,Dharwad,2025-Q3,NBFCs,F,2340,276,1916.0,125.0,132548110.0,585327
Karnataka,Dharwad,2025-Q3,MFIs,F,1363,156,1176.0,90.0,102832038.0,570009
Karnataka,Dharwad,2025-Q3,HFCs,I,1479,85,1124.0,88.0,140476744.0,585327
Karnataka,Dharwad,2025-Q4,Banks,H,2746,195,2285.0,188.0,164005001.0,577453
Karnataka,Dharwad,2025-Q4,NBFCs,E,804,47,656.0,43.0,64536511.0,577453
Karnataka,Dharwad,2025-Q4,MFIs,H,2257,214,1726.0,134.0,237777501.0,581306
Karnataka,Dharwad,2025-Q4,HFCs,E,2984,289,2559.0,179.0,279533834.0,585327
Karnataka,Dharwad,2026-Q1,Banks,K,2422,177,1893.0,123.0,195240493.0,585327
Karnataka,Dharwad,2026-Q1,NBFCs,I,2645,291,1953.0,133.0,239262950.0,581306
Karnataka,Dharwad,2026-Q1,MFIs,G,1407,93,1130.0,101.0,77028768.0,575001
Karnataka,Dharwad,2026-Q1,HFCs,J,711,61,551.0,19.0,65806062.0,574218
Karnataka,Dakshina Kannada,2025-Q2,Banks,K,2605,159,2177.0,117.0,177833291.0,580002
Karnataka,Dakshina Kannada,2025-Q2,NBFCs,E,2128,112,1573.0,95.0,140983652.0,581126
Karnataka,Dakshina Kannada,2025-Q2,MFIs,E,377,37,320.0,18.0,36670572.0,577217
Karnataka,Dakshina Kannada,2025-Q2,HFCs,E,924,109,766.0,59.0,49221426.0,563157
Karnataka,Dakshina Kannada,2025-Q3,Banks,I,1645,133,1220.0,85.0,105908537.0,591302
Karnataka,Dakshina Kannada,2025-Q3,NBFCs,E,898,104,738.0,45.0,42372243.0,586118
Karnataka,Dakshina Kannada,2025-Q3,MFIs,E,1535,137,1345.0,115.0,168893407.0,584120
Karnataka,Dakshina Kannada,2025-Q3,HFCs,F,2515,176,1855.0,148.0,300168564.0,581126
Karnataka,Dakshina Kannada,2025-Q4,Banks,K,2814,318,2226.0,117.0,216055268.0,585315
Karnataka,Dakshina Kannada,2025-Q4,NBFCs,K,1803,121,1443.0,111.0,144595990.0,581126
Karnataka,Dakshina Kannada,2025-Q4,MFIs,F,2078,90,1560.0,89.0,112699182.0,576112
Karnataka,Dakshina Kannada,2025-Q4,HFCs,K,1685,70,1351.0,50.0,196697198.0,583225
Karnataka,Dakshina Kannada,2026-Q1,Banks,G,1097,130,880.0,68.0,129445215.0,584120
Karnataka,Dakshina Kannada,2026-Q1,NBFCs,I,2778,257,2294.0,80.0,290353918.0,581347
Karnataka,Dakshina Kannada,2026-Q1,MFIs,G,2796,153,2181.0,100.0,202575614.0,583239
Karnataka,Dakshina Kannada,2026-Q1,HFCs,F,2519,195,2144.0,111.0,125332317.0,560011
Karnataka,Belagavi,2025-Q2,Banks,K,2930,264,2352.0,115.0,336415302.0,575003
Karnataka,Belagavi,2025-Q2,NBFCs,I,894,79,706.0,55.0,52435951.0,574314
Karnataka,Belagavi,2025-Q2,MFIs,I,2458,154,2088.0,177.0,265842297.0,585417
Karnataka,Belagavi,2025-Q2,HFCs,G,846,91,649.0,58.0,84077942.0,574122
Karnataka,Belagavi,2025-Q3,Banks,K,928,99,786.0,29.0,83548101.0,574314
Karnataka,Belagavi,2025-Q3,NBFCs,F,1847,140,1523.0,107.0,178255032.0,574122
Karnataka,Belagavi,2025-Q3,MFIs,H,317,34,266.0,10.0,15481358.0,591316
Karnataka,Belagavi,2025-Q3,HFCs,K,2004,94,1678.0,148.0,143696249.0,581338
Karnataka,Belagavi,2025-Q4,Banks,I,1961,108,1689.0,116.0,105805765.0,560015
Karnataka,Belagavi,2025-Q4,NBFCs,G,717,33,595.0,41.0,77317414.0,571405
Karnataka,Belagavi,2025-Q4,MFIs,F,2483,246,1985.0,157.0,121214989.0,560010
Karnataka,Belagavi,2025-Q4,HFCs,F,1070,78,934.0,57.0,101742979.0,586113
Karnataka,Belagavi,2026-Q1,Banks,I,722,51,572.0,21.0,57202939.0,572106
Karnataka,Belagavi,2026-Q1,NBFCs,E,1256,141,971.0,85.0,62807845.0,577243
Karnataka,Belagavi,2026-Q1,MFIs,G,1865,124,1397.0,84.0,173264225.0,563147
Karnataka,Belagavi,2026-Q1,HFCs,H,704,53,538.0,30.0,32231527.0,571433
Karnataka,Davanagere,2025-Q2,Banks,G,568,23,488.0,42.0,49288430.0,561213
Karnataka,Davanagere,2025-Q2,NBFCs,F,2047,86,1596.0,94.0,182521489.0,585291
Karnataka,Davanagere,2025-Q2,MFIs,I,2950,295,2334.0,117.0,319697561.0,591104
Karnataka,Davanagere,2025-Q2,HFCs,H,2673,209,2039.0,142.0,171986742.0,560056
Karnataka,Davanagere,2025-Q3,Banks,J,2903,347,2171.0,107.0,304774917.0,562161
Karnataka,Davanagere,2025-Q3,NBFCs,K,635,30,543.0,37.0,37260960.0,585291
Karnataka,Davanagere,2025-Q3,MFIs,F,2778,118,2421.0,154.0,266597882.0,572102
Karnataka,Davanagere,2025-Q3,HFCs,I,420,21,307.0,13.0,19847453.0,561213
Karnataka,Davanagere,2025-Q4,Banks,I,2870,320,2227.0,82.0,294551439.0,583212
Karnataka,Davanagere,2025-Q4,NBFCs,J,2741,181,2342.0,88.0,288590610.0,591115
Karnataka,Davanagere,2025-Q4,MFIs,K,1040,63,877.0,70.0,89739842.0,562161
Karnataka,Davanagere,2025-Q4,HFCs,H,319,30,270.0,23.0,34908708.0,560056
Karnataka,Davanagere,2026-Q1,Banks,H,1770,125,1278.0,105.0,195818916.0,574325
Karnataka,Davanagere,2026-Q1,NBFCs,G,240,18,200.0,7.0,18355980.0,591104
Karnataka,Davanagere,2026-Q1,MFIs,I,1653,79,1251.0,79.0,108539544.0,563163
Karnataka,Davanagere,2026-Q1,HFCs,G,2900,184,2107.0,142.0,189968135.0,561213
Karnataka,Shivamogga,2025-Q2,Banks,K,2514,279,1887.0,82.0,198828966.0,571617
Karnataka,Shivamogga,2025-Q2,NBFCs,H,799,87,589.0,50.0,57426488.0,560049
Karnataka,Shivamogga,2025-Q2,MFIs,E,1389,128,1015.0,87.0,70726741.0,570005
Karnataka,Shivamogga,2025-Q2,HFCs,J,625,32,505.0,19.0,66653416.0,587203
Karnataka,Shivamogga,2025-Q3,Banks,G,2409,230,2099.0,85.0,151742588.0,572217
Karnataka,Shivamogga,2025-Q3,NBFCs,H,2862,332,2421.0,152.0,216342024.0,571617
Karnataka,Shivamogga,2025-Q3,MFIs,I,1876,221,1431.0,108.0,156279365.0,562166
Karnataka,Shivamogga,2025-Q3,HFCs,I,1998,88,1711.0,141.0,182743455.0,572212
Karnataka,Shivamogga,2025-Q4,Banks,H,2524,235,1951.0,71.0,296391038.0,572217
Karnataka,Shivamogga,2025-Q4,NBFCs,K,2634,263,2005.0,157.0,246594837.0,574197
Karnataka,Shivamogga,2025-Q4,MFIs,E,1244,111,988.0,71.0,84803941.0,572212
Karnataka,Shivamogga,2025-Q4,HFCs,I,2257,138,1860.0,63.0,237941968.0,571476
Karnataka,Shivamogga,2026-Q1,Banks,K,1157,52,995.0,37.0,138504568.0,562166
Karnataka,Shivamogga,2026-Q1,NBFCs,G,2885,205,2502.0,80.0,345955288.0,560049
Karnataka,Shivamogga,2026-Q1,MFIs,K,2478,183,1814.0,63.0,157959129.0,586215
Karnataka,Shivamogga,2026-Q1,HFCs,E,2723,327,2183.0,168.0,305355191.0,571617
Tamil Nadu,Chennai,2025-Q2,Banks,J,2659,221,2190.0,94.0,224958509.0,638401
Tamil Nadu,Chennai,2025-Q2,NBFCs,H,653,28,471.0,33.0,42495059.0,600050
Tamil Nadu,Chennai,2025-Q2,MFIs,K,1236,75,1063.0,81.0,133772139.0,630405
Tamil Nadu,Chennai,2025-Q2,HFCs,F,1629,118,1196.0,95.0,158145228.0,614206
Tamil Nadu,Chennai,2025-Q3,Banks,E,2986,307,2608.0,92.0,261632994.0,600036
Tamil Nadu,Chennai,2025-Q3,NBFCs,H,2981,307,2315.0,175.0,277175455.0,630405
Tamil Nadu,Chennai,2025-Q3,MFIs,G,490,36,360.0,28.0,28393905.0,621003
Tamil Nadu,Chennai,2025-Q3,HFCs,E,244,26,196.0,12.0,24680815.0,636301
Tamil Nadu,Chennai,2025-Q4,Banks,G,2131,195,1788.0,65.0,134246836.0,621003
Tamil Nadu,Chennai,2025-Q4,NBFCs,F,2023,108,1621.0,80.0,235387772.0,613008
Tamil Nadu,Chennai,2025-Q4,MFIs,J,2573,301,1931.0,155.0,169613493.0,623403
Tamil Nadu,Chennai,2025-Q4,HFCs,I,1654,104,1210.0,40.0,189960826.0,623403
Tamil Nadu,Chennai,2026-Q1,Banks,K,786,61,682.0,50.0,39622516.0,636301
Tamil Nadu,Chennai,2026-Q1,NBFCs,F,2688,263,2128.0,124.0,170769302.0,638401
Tamil Nadu,Chennai,2026-Q1,MFIs,K,238,25,203.0,14.0,14158591.0,627117
Tamil Nadu,Chennai,2026-Q1,HFCs,I,2900,190,2190.0,109.0,248775999.0,638401
Tamil Nadu,Coimbatore,2025-Q2,Banks,J,1621,151,1244.0,58.0,153709083.0,614205
Tamil Nadu,Coimbatore,2025-Q2,NBFCs,H,1284,146,1103.0,64.0,79670239.0,606904
Tamil Nadu,Coimbatore,2025-Q2,MFIs,I,2750,289,2216.0,77.0,231987042.0,642002
Tamil Nadu,Coimbatore,2025-Q2,HFCs,J,791,38,665.0,37.0,86333214.0,606806
Tamil Nadu,Coimbatore,2025-Q3,Banks,K,1527,142,1241.0,64.0,105148400.0,622409
Tamil Nadu,Coimbatore,2025-Q3,NBFCs,E,2097,251,1594.0,83.0,203244810.0,606904
Tamil Nadu,Coimbatore,2025-Q3,MFIs,H,1864,163,1485.0,67.0,201320467.0,600068
Tamil Nadu,Coimbatore,2025-Q3,HFCs,E,2606,186,2251.0,193.0,270658428.0,630611
Tamil Nadu,Coimbatore,2025-Q4,Banks,F,2443,222,2131.0,166.0,263686703.0,641111
Tamil Nadu,Coimbatore,2025-Q4,NBFCs,H,2452,104,1811.0,71.0,184461462.0,623806
Tamil Nadu,Coimbatore,2025-Q4,MFIs,J,936,83,808.0,50.0,96055617.0,630611
Tamil Nadu,Coimbatore,2025-Q4,HFCs,F,2156,126,1733.0,142.0,202727179.0,600068
Tamil Nadu,Coimbatore,2026-Q1,Banks,G,896,64,751.0,36.0,66805582.0,635118
Tamil Nadu,Coimbatore,2026-Q1,NBFCs,J,2782,257,2428.0,132.0,230806127.0,635105
Tamil Nadu,Coimbatore,2026-Q1,MFIs,I,1559,179,1274.0,105.0,185210336.0,603302
Tamil Nadu,Coimbatore,2026-Q1,HFCs,K,2753,127,2340.0,102.0,275388894.0,600068
Tamil Nadu,Madurai,2025-Q2,Banks,H,1417,71,1157.0,104.0,95610280.0,607203
Tamil Nadu,Madurai,2025-Q2,NBFCs,K,1618,119,1256.0,39.0,110694548.0,630557
Tamil Nadu,Madurai,2025-Q2,MFIs,K,1257,53,967.0,73.0,145519385.0,635101
Tamil Nadu,Madurai,2025-Q2,HFCs,F,595,43,437.0,32.0,58735375.0,629004
Tamil Nadu,Madurai,2025-Q3,Banks,H,1378,148,1004.0,34.0,84637620.0,620005
Tamil Nadu,Madurai,2025-Q3,NBFCs,H,1253,148,955.0,36.0,68853872.0,613705
Tamil Nadu,Madurai,2025-Q3,MFIs,J,1943,203,1522.0,80.0,185687477.0,627604
Tamil Nadu,Madurai,2025-Q3,HFCs,I,307,29,259.0,14.0,35110732.0,629201
Tamil Nadu,Madurai,2025-Q4,Banks,E,2490,232,2043.0,68.0,276432485.0,627604
Tamil Nadu,Madurai,2025-Q4,NBFCs,F,247,19,189.0,16.0,19958307.0,635001
Tamil Nadu,Madurai,2025-Q4,MFIs,I,273,32,238.0,13.0,21743079.0,629201
Tamil Nadu,Madurai,2025-Q4,HFCs,H,1753,187,1479.0,126.0,201249986.0,635001
Tamil Nadu,Madurai,2026-Q1,Banks,K,1342,120,1078.0,94.0,104305132.0,613705
Tamil Nadu,Madurai,2026-Q1,NBFCs,J,565,56,410.0,25.0,58843059.0,627415
Tamil Nadu,Madurai,2026-Q1,MFIs,J,1310,113,1004.0,54.0,65584563.0,607105
Tamil Nadu,Madurai,2026-Q1,HFCs,E,2594,139,1927.0,65.0,234009547.0,627415
Tamil Nadu,Salem,2025-Q2,Banks,H,780,57,577.0,32.0,38617409.0,625301
Tamil Nadu,Salem,2025-Q2,NBFCs,K,1962,158,1632.0,122.0,158122577.0,632008
Tamil Nadu,Salem,2025-Q2,MFIs,G,477,49,385.0,32.0,55124094.0,621219
Tamil Nadu,Salem,2025-Q2,HFCs,F,520,31,430.0,27.0,50737470.0,636452
Tamil Nadu,Salem,2025-Q3,Banks,I,1871,106,1611.0,70.0,202503801.0,627811
Tamil Nadu,Salem,2025-Q3,NBFCs,F,2986,351,2572.0,213.0,353493758.0,635203
Tamil Nadu,Salem,2025-Q3,MFIs,J,1801,154,1393.0,121.0,167965861.0,625301
Tamil Nadu,Salem,2025-Q3,HFCs,G,2968,176,2401.0,209.0,341829791.0,621219
Tamil Nadu,Salem,2025-Q4,Banks,G,1756,93,1265.0,108.0,128797325.0,632008
Tamil Nadu,Salem,2025-Q4,NBFCs,J,460,20,398.0,29.0,40457692.0,636452
Tamil Nadu,Salem,2025-Q4,MFIs,K,2278,247,1777.0,110.0,137142050.0,631605
Tamil Nadu,Salem,2025-Q4,HFCs,H,2550,244,1968.0,177.0,304257407.0,638459
Tamil Nadu,Salem,2026-Q1,Banks,J,1424,98,1043.0,36.0,115299243.0,602026
Tamil Nadu,Salem,2026-Q1,NBFCs,K,433,51,344.0,26.0,26070956.0,635203
Tamil Nadu,Salem,2026-Q1,MFIs,E,506,27,387.0,29.0,47816482.0,636452
Tamil Nadu,Salem,2026-Q1,HFCs,I,1785,196,1560.0,110.0,97786621.0,638459
Tamil Nadu,Tiruchirappalli,2025-Q2,Banks,F,1542,162,1127.0,39.0,144846920.0,643240
Tamil Nadu,Tiruchirappalli,2025-Q2,NBFCs,F,1183,122,955.0,41.0,57237836.0,603210
Tamil Nadu,Tiruchirappalli,2025-Q2,MFIs,J,359,37,268.0,23.0,29768981.0,621205
Tamil Nadu,Tiruchirappalli,2025-Q2,HFCs,J,2666,274,2073.0,120.0,213554204.0,621205
Tamil Nadu,Tiruchirappalli,2025-Q3,Banks,J,1705,128,1431.0,123.0,193949803.0,600071
Tamil Nadu,Tiruchirappalli,2025-Q3,NBFCs,K,288,24,222.0,8.0,23301229.0,603112
Tamil Nadu,Tiruchirappalli,2025-Q3,MFIs,J,2694,321,1942.0,116.0,174205374.0,643007
Tamil Nadu,Tiruchirappalli,2025-Q3,HFCs,F,526,29,458.0,39.0,43889455.0,623409
Tamil Nadu,Tiruchirappalli,2025-Q4,Banks,J,1508,104,1307.0,104.0,104474066.0,643240
Tamil Nadu,Tiruchirappalli,2025-Q4,NBFCs,F,1247,131,999.0,90.0,142341051.0,623409
Tamil Nadu,Tiruchirappalli,2025-Q4,MFIs,K,573,64,449.0,19.0,40874463.0,603112
Tamil Nadu,Tiruchirappalli,2025-Q4,HFCs,K,2362,241,1742.0,74.0,139908502.0,626138
Tamil Nadu,Tiruchirappalli,2026-Q1,Banks,E,244,17,207.0,14.0,15139201.0,628906
Tamil Nadu,Tiruchirappalli,2026-Q1,NBFCs,J,707,66,537.0,21.0,42771826.0,606807
Tamil Nadu,Tiruchirappalli,2026-Q1,MFIs,I,2122,207,1546.0,63.0,246894054.0,626138
Tamil Nadu,Tiruchirappalli,2026-Q1,HFCs,F,1717,168,1440.0,56.0,182036887.0,628906
Tamil Nadu,Erode,2025-Q2,Banks,E,625,51,544.0,34.0,59186291.0,632521
Tamil Nadu,Erode,2025-Q2,NBFCs,I,2278,179,1718.0,74.0,110490204.0,604154
Tamil Nadu,Erode,2025-Q2,MFIs,J,971,79,793.0,54.0,87926588.0,614808
Tamil Nadu,Erode,2025-Q2,HFCs,K,286,15,241.0,20.0,16157246.0,614808
Tamil Nadu,Erode,2025-Q3,Banks,J,2891,328,2316.0,86.0,155941702.0,635102
Tamil Nadu,Erode,2025-Q3,NBFCs,J,1035,105,879.0,74.0,79306179.0,614204
Tamil Nadu,Erode,2025-Q3,MFIs,G,1216,135,974.0,62.0,87765578.0,614204
Tamil Nadu,Erode,2025-Q3,HFCs,H,2349,280,1874.0,163.0,210171944.0,607802
Tamil Nadu,Erode,2025-Q4,Banks,I,348,27,278.0,9.0,22954291.0,614808
Tamil Nadu,Erode,2025-Q4,NBFCs,F,1270,79,1048.0,90.0,107598661.0,607209
Tamil Nadu,Erode,2025-Q4,MFIs,E,1313,107,1090.0,95.0,116571680.0,611110
Tamil Nadu,Erode,2025-Q4,HFCs,I,319,35,232.0,14.0,23270464.0,621651
Tamil Nadu,Erode,2026-Q1,Banks,J,826,94,630.0,41.0,39460560.0,632201
Tamil Nadu,Erode,2026-Q1,NBFCs,I,2099,149,1696.0,137.0,127064558.0,607209
Tamil Nadu,Erode,2026-Q1,MFIs,I,979,90,823.0,41.0,89786353.0,625705
Tamil Nadu,Erode,2026-Q1,HFCs,J,2286,160,1838.0,160.0,149702174.0,635102
Tamil Nadu,Vellore,2025-Q2,Banks,G,1310,109,1129.0,99.0,90818699.0,600031
Tamil Nadu,Vellore,2025-Q2,NBFCs,K,2062,176,1547.0,117.0,233072152.0,628304
Tamil Nadu,Vellore,2025-Q2,MFIs,J,1092,66,864.0,52.0,54902733.0,627803
Tamil Nadu,Vellore,2025-Q2,HFCs,I,1671,198,1304.0,102.0,194544849.0,600087
Tamil Nadu,Vellore,2025-Q3,Banks,H,1452,135,1132.0,79.0,167090267.0,600023
Tamil Nadu,Vellore,2025-Q3,NBFCs,K,2348,224,2038.0,104.0,127301218.0,627803
Tamil Nadu,Vellore,2025-Q3,MFIs,E,377,27,287.0,9.0,21938499.0,628304
Tamil Nadu,Vellore,2025-Q3,HFCs,K,2823,190,2446.0,135.0,206858227.0,605755
Tamil Nadu,Vellore,2025-Q4,Banks,G,2334,156,1745.0,145.0,207830516.0,605755
Tamil Nadu,Vellore,2025-Q4,NBFCs,G,293,26,224.0,13.0,30806583.0,629193
Tamil Nadu,Vellore,2025-Q4,MFIs,G,2387,194,1923.0,139.0,228955007.0,621103
Tamil Nadu,Vellore,2025-Q4,HFCs,G,2383,116,1839.0,138.0,186086535.0,643243
Tamil Nadu,Vellore,2026-Q1,Banks,K,1970,181,1555.0,112.0,90406069.0,600023
Tamil Nadu,Vellore,2026-Q1,NBFCs,H,2277,197,1983.0,173.0,213185860.0,600023
Tamil Nadu,Vellore,2026-Q1,MFIs,I,1104,82,919.0,70.0,88194834.0,629193
Tamil Nadu,Vellore,2026-Q1,HFCs,G,1935,145,1460.0,70.0,88016543.0,641109
Delhi,Delhi,2025-Q2,Banks,G,419,28,355.0,13.0,49480199.0,110013
Delhi,Delhi,2025-Q2,NBFCs,K,1046,58,802.0,67.0,64905410.0,110025
Delhi,Delhi,2025-Q2,MFIs,J,2124,208,1695.0,80.0,245580470.0,110006
Delhi,Delhi,2025-Q2,HFCs,I,1117,53,868.0,65.0,51961286.0,110014
Delhi,Delhi,2025-Q3,Banks,K,1802,201,1493.0,56.0,181819525.0,110077
Delhi,Delhi,2025-Q3,NBFCs,F,823,58,620.0,22.0,64498800.0,110028
Delhi,Delhi,2025-Q3,MFIs,J,2330,251,2019.0,117.0,194731287.0,110040
Delhi,Delhi,2025-Q3,HFCs,E,1352,99,1054.0,50.0,62716856.0,110006
Delhi,Delhi,2025-Q4,Banks,H,559,26,438.0,27.0,44855780.0,110061
Delhi,Delhi,2025-Q4,NBFCs,E,1129,112,827.0,50.0,58584022.0,110022
Delhi,Delhi,2025-Q4,MFIs,H,1995,209,1667.0,61.0,226074577.0,110033
Delhi,Delhi,2025-Q4,HFCs,J,717,55,557.0,47.0,72500395.0,110054
Delhi,Delhi,2026-Q1,Banks,I,992,99,757.0,30.0,84692641.0,110195
Delhi,Delhi,2026-Q1,NBFCs,J,774,60,584.0,25.0,69438584.0,900056
Delhi,Delhi,2026-Q1,MFIs,J,1154,80,850.0,66.0,121715306.0,110061
Delhi,Delhi,2026-Q1,HFCs,F,2808,233,2164.0,101.0,329632219.0,110088
Delhi,Delhi,2025-Q2,Banks,E,1369,91,1054.0,75.0,142947642.0,110045
Delhi,Delhi,2025-Q2,NBFCs,J,2036,124,1708.0,112.0,122479718.0,110085
Delhi,Delhi,2025-Q2,MFIs,I,2864,302,2074.0,71.0,182101104.0,110090
Delhi,Delhi,2025-Q2,HFCs,J,2015,163,1498.0,55.0,144262481.0,110038
Delhi,Delhi,2025-Q3,Banks,H,854,91,648.0,46.0,67366623.0,110026
Delhi,Delhi,2025-Q3,NBFCs,E,282,17,214.0,15.0,32091237.0,110019
Delhi,Delhi,2025-Q3,MFIs,E,2384,268,1799.0,83.0,134251627.0,110089
Delhi,Delhi,2025-Q3,HFCs,E,2508,251,1966.0,74.0,207989810.0,110093
Delhi,Delhi,2025-Q4,Banks,G,1513,152,1264.0,76.0,72337865.0,110051
Delhi,Delhi,2025-Q4,NBFCs,K,1358,71,979.0,85.0,130886741.0,110081
Delhi,Delhi,2025-Q4,MFIs,I,2191,191,1759.0,101.0,215262982.0,110020
Delhi,Delhi,2025-Q4,HFCs,J,2980,255,2345.0,163.0,221354673.0,110096
Delhi,Delhi,2026-Q1,Banks,I,2544,143,2062.0,85.0,290692777.0,110092
Delhi,Delhi,2026-Q1,NBFCs,J,997,71,723.0,55.0,108563186.0,110005
Delhi,Delhi,2026-Q1,MFIs,E,2582,210,2154.0,138.0,258712747.0,110063
Delhi,Delhi,2026-Q1,HFCs,K,2654,240,1918.0,133.0,264522596.0,110067
Delhi,Delhi,2025-Q2,Banks,J,1160,134,880.0,30.0,53346135.0,110068
Delhi,Delhi,2025-Q2,NBFCs,F,975,70,746.0,45.0,57836400.0,110002
Delhi,Delhi,2025-Q2,MFIs,F,1569,162,1309.0,95.0,101288789.0,110012
Delhi,Delhi,2025-Q2,HFCs,G,2173,137,1887.0,103.0,242044703.0,110015
Delhi,Delhi,2025-Q3,Banks,J,929,48,805.0,40.0,67268909.0,110030
Delhi,Delhi,2025-Q3,NBFCs,I,1764,136,1514.0,121.0,117475046.0,110009
Delhi,Delhi,2025-Q3,MFIs,G,247,25,201.0,9.0,16428722.0,110010
Delhi,Delhi,2025-Q3,HFCs,I,316,16,265.0,12.0,33132707.0,110091
Delhi,Delhi,2025-Q4,Banks,E,2910,222,2546.0,208.0,316635444.0,110041
Delhi,Delhi,2025-Q4,NBFCs,J,988,93,793.0,61.0,62682345.0,110075
Delhi,Delhi,2025-Q4,MFIs,F,2089,228,1725.0,115.0,177895055.0,110078
Delhi,Delhi,2025-Q4,HFCs,K,330,34,268.0,18.0,25226974.0,110074
Delhi,Delhi,2026-Q1,Banks,G,1112,92,842.0,49.0,120225891.0,110054
Delhi,Delhi,2026-Q1,NBFCs,E,920,106,734.0,26.0,100404524.0,110028
Delhi,Delhi,2026-Q1,MFIs,J,2536,239,2204.0,110.0,115165966.0,110045
Delhi,Delhi,2026-Q1,HFCs,J,814,50,591.0,24.0,92889524.0,110085
Delhi,Delhi,2025-Q2,Banks,K,544,32,455.0,19.0,46286530.0,110087
Delhi,Delhi,2025-Q2,NBFCs,G,443,31,320.0,23.0,29163539.0,110014
Delhi,Delhi,2025-Q2,MFIs,I,2544,269,2220.0,115.0,184354550.0,110096
Delhi,Delhi,2025-Q2,HFCs,F,2769,241,2339.0,192.0,126134320.0,110085
Delhi,Delhi,2025-Q3,Banks,F,2371,120,2011.0,97.0,227866663.0,110017
Delhi,Delhi,2025-Q3,NBFCs,E,2626,130,2155.0,174.0,118198668.0,110089
Delhi,Delhi,2025-Q3,MFIs,H,1501,139,1094.0,41.0,88753744.0,110059
Delhi,Delhi,2025-Q3,HFCs,H,207,22,158.0,6.0,22356564.0,110031
Delhi,Delhi,2025-Q4,Banks,F,2285,116,1750.0,76.0,224861151.0,110001
Delhi,Delhi,2025-Q4,NBFCs,E,2563,179,1856.0,83.0,152761310.0,110027
Delhi,Delhi,2025-Q4,MFIs,K,847,83,720.0,31.0,74810927.0,110073
Delhi,Delhi,2025-Q4,HFCs,I,756,86,582.0,48.0,62782792.0,110031
Delhi,Delhi,2026-Q1,Banks,H,1359,161,1029.0,33.0,75169826.0,110017
Delhi,Delhi,2026-Q1,NBFCs,K,1300,133,1064.0,57.0,67577074.0,110085
Delhi,Delhi,2026-Q1,MFIs,K,545,48,443.0,19.0,30327263.0,110025
Delhi,Delhi,2026-Q1,HFCs,H,200,13,160.0,8.0,18935227.0,110029
Delhi,Delhi,2025-Q2,Banks,K,2911,242,2233.0,154.0,184880332.0,110016
Delhi,Delhi,2025-Q2,NBFCs,I,693,67,571.0,41.0,37534516.0,110081
Delhi,Delhi,2025-Q2,MFIs,K,2118,245,1707.0,60.0,159893239.0,110087
Delhi,Delhi,2025-Q2,HFCs,K,2922,142,2410.0,195.0,296133893.0,110054
Delhi,Delhi,2025-Q3,Banks,F,1624,101,1359.0,107.0,157226771.0,110064
Delhi,Delhi,2025-Q3,NBFCs,E,520,49,453.0,14.0,59471484.0,110082
Delhi,Delhi,2025-Q3,MFIs,K,2961,350,2397.0,92.0,139324988.0,110004
Delhi,Delhi,2025-Q3,HFCs,F,2921,198,2406.0,76.0,137060322.0,110040
Delhi,Delhi,2025-Q4,Banks,J,971,88,776.0,43.0,70500582.0,110106
Delhi,Delhi,2025-Q4,NBFCs,F,2937,250,2401.0,91.0,349394793.0,110015
Delhi,Delhi,2025-Q4,MFIs,J,717,32,552.0,28.0,69244042.0,110088
Delhi,Delhi,2025-Q4,HFCs,K,2734,266,2155.0,187.0,137739804.0,110014
Delhi,Delhi,2026-Q1,Banks,I,2100,221,1616.0,75.0,97481675.0,110036
Delhi,Delhi,2026-Q1,NBFCs,I,289,20,229.0,11.0,17386415.0,110030
Delhi,Delhi,2026-Q1,MFIs,J,876,57,712.0,56.0,69521751.0,110013
Delhi,Delhi,2026-Q1,HFCs,H,266,19,228.0,14.0,31203982.0,900056
Delhi,Delhi,2025-Q2,Banks,K,674,58,492.0,35.0,75290022.0,110048
Delhi,Delhi,2025-Q2,NBFCs,G,777,65,595.0,27.0,43212347.0,110068
Delhi,Delhi,2025-Q2,MFIs,H,578,43,489.0,30.0,37093578.0,110073
Delhi,Delhi,2025-Q2,HFCs,K,448,22,354.0,24.0,25736364.0,110038
Delhi,Delhi,2025-Q3,Banks,E,2414,147,1979.0,61.0,111010040.0,110055
Delhi,Delhi,2025-Q3,NBFCs,I,2841,284,2130.0,120.0,141691014.0,110110
Delhi,Delhi,2025-Q3,MFIs,J,345,23,272.0,18.0,27454362.0,110052
Delhi,Delhi,2025-Q3,HFCs,E,2181,113,1630.0,104.0,113721478.0,110046
Delhi,Delhi,2025-Q4,Banks,G,1112,69,841.0,53.0,118273838.0,110087
Delhi,Delhi,2025-Q4,NBFCs,H,2704,246,2207.0,133.0,253863753.0,110124
Delhi,Delhi,2025-Q4,MFIs,J,682,30,510.0,39.0,33244941.0,110043
Delhi,Delhi,2025-Q4,HFCs,G,825,36,647.0,33.0,69522434.0,110023
Delhi,Delhi,2026-Q1,Banks,G,1257,76,1013.0,52.0,90170070.0,110002
Delhi,Delhi,2026-Q1,NBFCs,K,1693,78,1346.0,61.0,107128249.0,110037
Delhi,Delhi,2026-Q1,MFIs,G,1615,186,1418.0,68.0,158397473.0,110056
Delhi,Delhi,2026-Q1,HFCs,K,2806,261,2411.0,214.0,244815918.0,110028
Gujarat,Ahmedabad,2025-Q2,Banks,E,773,78,630.0,29.0,55961021.0,383235
Gujarat,Ahmedabad,2025-Q2,NBFCs,F,947,95,693.0,25.0,74769874.0,394160
Gujarat,Ahmedabad,2025-Q2,MFIs,I,1366,156,1048.0,48.0,74929151.0,362037
Gujarat,Ahmedabad,2025-Q2,HFCs,J,1169,60,949.0,66.0,130650856.0,391430
Gujarat,Ahmedabad,2025-Q3,Banks,I,836,63,712.0,39.0,51385844.0,384515
Gujarat,Ahmedabad,2025-Q3,NBFCs,K,2719,295,2239.0,70.0,319278041.0,391430
Gujarat,Ahmedabad,2025-Q3,MFIs,J,2008,166,1568.0,74.0,223127602.0,388610
Gujarat,Ahmedabad,2025-Q3,HFCs,F,2437,205,1952.0,166.0,112113268.0,396521
Gujarat,Ahmedabad,2025-Q4,Banks,G,2508,253,1847.0,67.0,276702963.0,362037
Gujarat,Ahmedabad,2025-Q4,NBFCs,G,2621,257,2047.0,91.0,138642770.0,383235
Gujarat,Ahmedabad,2025-Q4,MFIs,H,1977,234,1540.0,129.0,143654897.0,384005
Gujarat,Ahmedabad,2025-Q4,HFCs,F,2776,206,1999.0,172.0,186423715.0,388610
Gujarat,Ahmedabad,2026-Q1,Banks,K,1029,67,885.0,31.0,76899827.0,391430
Gujarat,Ahmedabad,2026-Q1,NBFCs,J,252,19,196.0,17.0,17567864.0,396126
Gujarat,Ahmedabad,2026-Q1,MFIs,E,2522,159,1923.0,103.0,251171211.0,364145
Gujarat,Ahmedabad,2026-Q1,HFCs,F,1062,71,882.0,37.0,101908093.0,396126
Gujarat,Surat,2025-Q2,Banks,H,808,56,694.0,32.0,42508462.0,364760
Gujarat,Surat,2025-Q2,NBFCs,H,701,73,608.0,32.0,67688695.0,391340
Gujarat,Surat,2025-Q2,MFIs,E,2096,151,1642.0,73.0,150529333.0,384520
Gujarat,Surat,2025-Q2,HFCs,E,1805,89,1324.0,73.0,192720313.0,380049
Gujarat,Surat,2025-Q3,Banks,F,2537,181,2077.0,183.0,167575300.0,394345
Gujarat,Surat,2025-Q3,NBFCs,G,832,48,626.0,41.0,48181749.0,391340
Gujarat,Surat,2025-Q3,MFIs,F,542,37,452.0,19.0,44578257.0,391160
Gujarat,Surat,2025-Q3,HFCs,G,2018,153,1475.0,109.0,124619535.0,383120
Gujarat,Surat,2025-Q4,Banks,E,1898,188,1402.0,122.0,220461094.0,394345
Gujarat,Surat,2025-Q4,NBFCs,J,2157,152,1569.0,67.0,217831835.0,391340
Gujarat,Surat,2025-Q4,MFIs,I,349,20,298.0,23.0,18317752.0,394170
Gujarat,Surat,2025-Q4,HFCs,I,1467,130,1204.0,82.0,135073518.0,364760
Gujarat,Surat,2026-Q1,Banks,G,646,52,505.0,32.0,70403310.0,364760
Gujarat,Surat,2026-Q1,NBFCs,J,225,26,196.0,16.0,25340829.0,391160
Gujarat,Surat,2026-Q1,MFIs,E,1957,203,1473.0,77.0,217090668.0,392180
Gujarat,Surat,2026-Q1,HFCs,K,1359,69,1072.0,44.0,112048684.0,361008
Gujarat,Vadodara,2025-Q2,Banks,H,557,43,436.0,38.0,65999626.0,370645
Gujarat,Vadodara,2025-Q2,NBFCs,I,2072,121,1510.0,128.0,213836895.0,389155
Gujarat,Vadodara,2025-Q2,MFIs,H,2201,247,1824.0,138.0,252081328.0,380052
Gujarat,Vadodara,2025-Q2,HFCs,H,1893,132,1488.0,129.0,150427768.0,370645
Gujarat,Vadodara,2025-Q3,Banks,K,1884,129,1581.0,138.0,173618884.0,370645
Gujarat,Vadodara,2025-Q3,NBFCs,F,1245,53,928.0,34.0,122636651.0,360055
Gujarat,Vadodara,2025-Q3,MFIs,I,1001,60,834.0,66.0,70521965.0,384135
Gujarat,Vadodara,2025-Q3,HFCs,G,913,56,744.0,26.0,70562309.0,382210
Gujarat,Vadodara,2025-Q4,Banks,G,953,70,808.0,55.0,44728633.0,395015
Gujarat,Vadodara,2025-Q4,NBFCs,K,2843,223,2079.0,132.0,171356481.0,383110
Gujarat,Vadodara,2025-Q4,MFIs,F,2211,264,1815.0,136.0,157652470.0,370645
Gujarat,Vadodara,2025-Q4,HFCs,F,2179,89,1856.0,128.0,234505578.0,389155
Gujarat,Vadodara,2026-Q1,Banks,E,2382,244,1943.0,82.0,228107657.0,389155
Gujarat,Vadodara,2026-Q1,NBFCs,J,1827,156,1369.0,123.0,157238179.0,391775
Gujarat,Vadodara,2026-Q1,MFIs,E,1906,189,1392.0,112.0,87693162.0,382210
Gujarat,Vadodara,2026-Q1,HFCs,G,2609,196,2099.0,90.0,252949578.0,383110
Gujarat,Rajkot,2025-Q2,Banks,G,1259,56,1062.0,38.0,93356064.0,362002
Gujarat,Rajkot,2025-Q2,NBFCs,J,1862,169,1370.0,107.0,139283038.0,389380
Gujarat,Rajkot,2025-Q2,MFIs,F,1363,112,1106.0,61.0,125678055.0,362265
Gujarat,Rajkot,2025-Q2,HFCs,I,252,16,213.0,13.0,28688260.0,389380
Gujarat,Rajkot,2025-Q3,Banks,G,2872,225,2525.0,179.0,241847446.0,361150
Gujarat,Rajkot,2025-Q3,NBFCs,J,2185,150,1921.0,148.0,237552261.0,364740
Gujarat,Rajkot,2025-Q3,MFIs,F,1429,144,1144.0,39.0,87401775.0,362135
Gujarat,Rajkot,2025-Q3,HFCs,H,2650,267,2149.0,94.0,252296378.0,362265
Gujarat,Rajkot,2025-Q4,Banks,G,1277,121,1080.0,67.0,129157610.0,362265
Gujarat,Rajkot,2025-Q4,NBFCs,K,2729,114,2286.0,193.0,164199580.0,384245
Gujarat,Rajkot,2025-Q4,MFIs,I,711,62,549.0,30.0,72862381.0,361150
Gujarat,Rajkot,2025-Q4,HFCs,H,1644,170,1352.0,54.0,110360990.0,361150
Gujarat,Rajkot,2026-Q1,Banks,F,2821,204,2227.0,73.0,150326130.0,380012
Gujarat,Rajkot,2026-Q1,NBFCs,K,543,40,429.0,28.0,33743904.0,360040
Gujarat,Rajkot,2026-Q1,MFIs,K,2086,124,1811.0,162.0,181463499.0,389380
Gujarat,Rajkot,2026-Q1,HFCs,F,1821,153,1426.0,108.0,127482598.0,384245
Gujarat,Gandhinagar,2025-Q2,Banks,K,2791,313,2061.0,146.0,301737924.0,396120
Gujarat,Gandhinagar,2025-Q2,NBFCs,K,1307,74,1031.0,69.0,78533652.0,387003
Gujarat,Gandhinagar,2025-Q2,MFIs,K,1859,102,1409.0,111.0,117019220.0,385520
Gujarat,Gandhinagar,2025-Q2,HFCs,F,562,57,406.0,36.0,45834130.0,388345
Gujarat,Gandhinagar,2025-Q3,Banks,I,482,28,380.0,20.0,28448321.0,385520
Gujarat,Gandhinagar,2025-Q3,NBFCs,J,745,77,597.0,19.0,88450562.0,394310
Gujarat,Gandhinagar,2025-Q3,MFIs,J,1844,119,1424.0,108.0,206157302.0,394107
Gujarat,Gandhinagar,2025-Q3,HFCs,I,2126,153,1769.0,104.0,98063899.0,390021
Gujarat,Gandhinagar,2025-Q4,Banks,H,366,31,291.0,13.0,34157897.0,387003
Gujarat,Gandhinagar,2025-Q4,NBFCs,G,2600,264,2023.0,140.0,213096804.0,382445
Gujarat,Gandhinagar,2025-Q4,MFIs,E,1864,179,1622.0,84.0,174792241.0,360576
Gujarat,Gandhinagar,2025-Q4,HFCs,E,1046,62,821.0,72.0,48426091.0,382445
Gujarat,Gandhinagar,2026-Q1,Banks,F,1193,113,872.0,36.0,74085752.0,390021
Gujarat,Gandhinagar,2026-Q1,NBFCs,I,2235,118,1710.0,75.0,265741894.0,382445
Gujarat,Gandhinagar,2026-Q1,MFIs,E,1883,165,1415.0,45.0,187060717.0,363430
Gujarat,Gandhinagar,2026-Q1,HFCs,F,724,32,580.0,39.0,72239533.0,361120
Gujarat,Bharuch,2025-Q2,Banks,I,1324,67,1023.0,90.0,69480087.0,370203
Gujarat,Bharuch,2025-Q2,NBFCs,J,2900,216,2347.0,102.0,165299622.0,370203
Gujarat,Bharuch,2025-Q2,MFIs,J,1479,153,1154.0,73.0,125134020.0,383245
Gujarat,Bharuch,2025-Q2,HFCs,J,994,117,824.0,38.0,72949337.0,396560
Gujarat,Bharuch,2025-Q3,Banks,H,1955,224,1574.0,105.0,95959807.0,388620
Gujarat,Bharuch,2025-Q3,NBFCs,E,2199,125,1668.0,101.0,173662265.0,396560
Gujarat,Bharuch,2025-Q3,MFIs,K,1390,150,1217.0,53.0,131738330.0,388620
Gujarat,Bharuch,2025-Q3,HFCs,F,2349,191,1831.0,104.0,155470460.0,384412
Gujarat,Bharuch,2025-Q4,Banks,I,1626,98,1235.0,84.0,138942773.0,396560
Gujarat,Bharuch,2025-Q4,NBFCs,E,2775,167,2019.0,93.0,303320525.0,389172
Gujarat,Bharuch,2025-Q4,MFIs,J,1626,166,1375.0,111.0,145176409.0,395023
Gujarat,Bharuch,2025-Q4,HFCs,F,2292,200,1653.0,61.0,233905339.0,364150
Gujarat,Bharuch,2026-Q1,Banks,E,402,45,339.0,20.0,41928007.0,383245
Gujarat,Bharuch,2026-Q1,NBFCs,J,2549,149,2132.0,135.0,183659493.0,391168
Gujarat,Bharuch,2026-Q1,MFIs,H,2049,207,1732.0,151.0,224633158.0,395023
Gujarat,Bharuch,2026-Q1,HFCs,I,942,74,756.0,50.0,71441007.0,384412
Gujarat,Anand,2025-Q2,Banks,K,1394,138,1121.0,76.0,155805021.0,391150
Gujarat,Anand,2025-Q2,NBFCs,K,2788,155,2104.0,160.0,260402674.0,360002
Gujarat,Anand,2025-Q2,MFIs,H,1703,98,1289.0,73.0,193513652.0,388120
Gujarat,Anand,2025-Q2,HFCs,E,1786,142,1360.0,107.0,205418232.0,395010
Gujarat,Anand,2025-Q3,Banks,I,2870,268,2095.0,142.0,301911471.0,391150
Gujarat,Anand,2025-Q3,NBFCs,F,1225,83,997.0,52.0,72249090.0,370105
Gujarat,Anand,2025-Q3,MFIs,I,2577,125,1858.0,106.0,179040628.0,391120
Gujarat,Anand,2025-Q3,HFCs,I,596,55,448.0,34.0,28596054.0,394140
Gujarat,Anand,2025-Q4,Banks,H,1792,182,1522.0,112.0,188545572.0,388120
Gujarat,Anand,2025-Q4,NBFCs,K,2451,281,1797.0,89.0,201863379.0,370105
Gujarat,Anand,2025-Q4,MFIs,I,624,58,517.0,39.0,73234795.0,361345
Gujarat,Anand,2025-Q4,HFCs,H,322,21,242.0,9.0,36330129.0,370105
Gujarat,Anand,2026-Q1,Banks,E,1932,111,1447.0,110.0,218427003.0,394140
Gujarat,Anand,2026-Q1,NBFCs,G,2423,240,2073.0,104.0,209282357.0,396463
Gujarat,Anand,2026-Q1,MFIs,F,1801,138,1420.0,109.0,110615505.0,361160
Gujarat,Anand,2026-Q1,HFCs,J,595,29,497.0,23.0,51841819.0,388120
Uttar Pradesh,Lucknow,2025-Q2,Banks,H,1666,184,1362.0,119.0,182135324.0,221008
Uttar Pradesh,Lucknow,2025-Q2,NBFCs,E,1287,122,1039.0,53.0,115641022.0,281204
Uttar Pradesh,Lucknow,2025-Q2,MFIs,F,2300,129,1833.0,101.0,127844174.0,277402
Uttar Pradesh,Lucknow,2025-Q2,HFCs,E,2383,208,1911.0,162.0,193911478.0,202129
Uttar Pradesh,Lucknow,2025-Q3,Banks,E,1730,151,1515.0,63.0,167403871.0,233221
Uttar Pradesh,Lucknow,2025-Q3,NBFCs,J,283,18,249.0,10.0,23150869.0,250001
Uttar Pradesh,Lucknow,2025-Q3,MFIs,J,727,45,629.0,37.0,49924957.0,233221
Uttar Pradesh,Lucknow,2025-Q3,HFCs,F,600,29,465.0,25.0,60503756.0,277402
Uttar Pradesh,Lucknow,2025-Q4,Banks,I,2027,234,1579.0,59.0,193038855.0,250619
Uttar Pradesh,Lucknow,2025-Q4,NBFCs,E,2008,155,1569.0,58.0,137933552.0,262203
Uttar Pradesh,Lucknow,2025-Q4,MFIs,K,2344,103,1838.0,127.0,264165587.0,233221
Uttar Pradesh,Lucknow,2025-Q4,HFCs,E,1815,200,1334.0,100.0,90589936.0,250001
Uttar Pradesh,Lucknow,2026-Q1,Banks,J,2487,145,1902.0,145.0,244721752.0,221008
Uttar Pradesh,Lucknow,2026-Q1,NBFCs,H,350,37,288.0,23.0,33288940.0,209859
Uttar Pradesh,Lucknow,2026-Q1,MFIs,I,1120,75,967.0,60.0,97991974.0,221008
Uttar Pradesh,Lucknow,2026-Q1,HFCs,G,2797,255,2303.0,77.0,320370503.0,221508
Uttar Pradesh,Kanpur Nagar,2025-Q2,Banks,K,2285,237,1986.0,94.0,248016393.0,243638
Uttar Pradesh,Kanpur Nagar,2025-Q2,NBFCs,J,2702,273,2054.0,138.0,223666368.0,212663
Uttar Pradesh,Kanpur Nagar,2025-Q2,MFIs,H,2115,198,1675.0,73.0,177775943.0,212663
Uttar Pradesh,Kanpur Nagar,2025-Q2,HFCs,G,2495,203,2183.0,196.0,152045806.0,232336
Uttar Pradesh,Kanpur Nagar,2025-Q3,Banks,K,732,69,537.0,44.0,76631344.0,243724
Uttar Pradesh,Kanpur Nagar,2025-Q3,NBFCs,F,1030,81,874.0,77.0,97240953.0,226020
Uttar Pradesh,Kanpur Nagar,2025-Q3,MFIs,I,412,34,339.0,16.0,35906852.0,233306
Uttar Pradesh,Kanpur Nagar,2025-Q3,HFCs,G,797,33,592.0,34.0,57176917.0,232336
Uttar Pradesh,Kanpur Nagar,2025-Q4,Banks,F,647,55,475.0,28.0,61531301.0,212663
Uttar Pradesh,Kanpur Nagar,2025-Q4,NBFCs,J,1253,121,1009.0,76.0,109349422.0,212663
Uttar Pradesh,Kanpur Nagar,2025-Q4,MFIs,E,524,55,443.0,22.0,50107125.0,277205
Uttar Pradesh,Kanpur Nagar,2025-Q4,HFCs,E,2032,86,1650.0,87.0,242223975.0,212663
Uttar Pradesh,Kanpur Nagar,2026-Q1,Banks,E,1726,90,1416.0,109.0,190490270.0,242305
Uttar Pradesh,Kanpur Nagar,2026-Q1,NBFCs,G,1860,97,1404.0,77.0,105085325.0,232336
Uttar Pradesh,Kanpur Nagar,2026-Q1,MFIs,E,839,82,661.0,56.0,54140408.0,212663
Uttar Pradesh,Kanpur Nagar,2026-Q1,HFCs,H,2832,324,2394.0,80.0,167720265.0,233306
Uttar Pradesh,Agra,2025-Q2,Banks,K,2001,88,1457.0,123.0,236405799.0,224234
Uttar Pradesh,Agra,2025-Q2,NBFCs,G,1695,133,1284.0,78.0,143460688.0,224146
Uttar Pradesh,Agra,2025-Q2,MFIs,H,1603,164,1297.0,92.0,127310185.0,272177
Uttar Pradesh,Agra,2025-Q2,HFCs,E,2147,197,1835.0,131.0,250322261.0,224234
Uttar Pradesh,Agra,2025-Q3,Banks,E,2831,205,2350.0,172.0,227704637.0,281005
Uttar Pradesh,Agra,2025-Q3,NBFCs,H,531,43,450.0,38.0,44002177.0,243725
Uttar Pradesh,Agra,2025-Q3,MFIs,K,1672,140,1236.0,84.0,129078821.0,211005
Uttar Pradesh,Agra,2025-Q3,HFCs,I,2665,150,2033.0,122.0,212452148.0,229404
Uttar Pradesh,Agra,2025-Q4,Banks,G,1691,132,1450.0,129.0,187417493.0,272177
Uttar Pradesh,Agra,2025-Q4,NBFCs,K,239,28,173.0,15.0,23426025.0,243725
Uttar Pradesh,Agra,2025-Q4,MFIs,E,2539,255,2004.0,100.0,196768895.0,285129
Uttar Pradesh,Agra,2025-Q4,HFCs,E,2623,113,1970.0,112.0,118848273.0,281005
Uttar Pradesh,Agra,2026-Q1,Banks,E,1907,228,1656.0,80.0,206918898.0,229404
Uttar Pradesh,Agra,2026-Q1,NBFCs,K,537,24,461.0,31.0,31146281.0,281308
Uttar Pradesh,Agra,2026-Q1,MFIs,J,2273,126,1791.0,151.0,121150242.0,272152
Uttar Pradesh,Agra,2026-Q1,HFCs,E,2132,86,1866.0,100.0,98818787.0,224234
Uttar Pradesh,Varanasi,2025-Q2,Banks,J,1866,210,1614.0,64.0,171347949.0,243639
Uttar Pradesh,Varanasi,2025-Q2,NBFCs,F,1788,156,1398.0,46.0,93054225.0,282009
Uttar Pradesh,Varanasi,2025-Q2,MFIs,E,1384,71,1052.0,64.0,114107720.0,282009
Uttar Pradesh,Varanasi,2025-Q2,HFCs,I,327,17,262.0,24.0,39108133.0,221001
Uttar Pradesh,Varanasi,2025-Q3,Banks,F,532,45,393.0,21.0,44716605.0,201313
Uttar Pradesh,Varanasi,2025-Q3,NBFCs,E,986,68,740.0,38.0,81683045.0,210431
Uttar Pradesh,Varanasi,2025-Q3,MFIs,J,1954,117,1495.0,92.0,164614712.0,229802
Uttar Pradesh,Varanasi,2025-Q3,HFCs,G,2368,265,1830.0,123.0,128682840.0,261203
Uttar Pradesh,Varanasi,2025-Q4,Banks,J,2241,185,1691.0,108.0,233306463.0,262726
Uttar Pradesh,Varanasi,2025-Q4,NBFCs,I,1009,102,810.0,56.0,62435921.0,262726
Uttar Pradesh,Varanasi,2025-Q4,MFIs,E,2073,136,1750.0,145.0,166711705.0,201313
Uttar Pradesh,Varanasi,2025-Q4,HFCs,G,1506,95,1091.0,93.0,145613977.0,208006
Uttar Pradesh,Varanasi,2026-Q1,Banks,F,1522,104,1168.0,43.0,91486128.0,221314
Uttar Pradesh,Varanasi,2026-Q1,NBFCs,E,366,38,310.0,12.0,34064593.0,221314
Uttar Pradesh,Varanasi,2026-Q1,MFIs,G,2715,315,2248.0,69.0,217823476.0,221001
Uttar Pradesh,Varanasi,2026-Q1,HFCs,H,2133,225,1711.0,95.0,216103457.0,229802
Uttar Pradesh,Allahabad,2025-Q2,Banks,E,1034,98,745.0,60.0,120344611.0,276203
Uttar Pradesh,Allahabad,2025-Q2,NBFCs,G,1600,128,1188.0,97.0,99628780.0,271310
Uttar Pradesh,Allahabad,2025-Q2,MFIs,H,2062,117,1765.0,126.0,227939470.0,271310
Uttar Pradesh,Allahabad,2025-Q2,HFCs,G,2047,106,1564.0,136.0,203209855.0,207001
Uttar Pradesh,Allahabad,2025-Q3,Banks,H,869,99,752.0,37.0,43870286.0,209101
Uttar Pradesh,Allahabad,2025-Q3,NBFCs,E,1905,167,1390.0,50.0,106269289.0,226013
Uttar Pradesh,Allahabad,2025-Q3,MFIs,K,2292,160,1765.0,152.0,126246643.0,274704
Uttar Pradesh,Allahabad,2025-Q3,HFCs,I,269,22,209.0,13.0,27932040.0,274704
Uttar Pradesh,Allahabad,2025-Q4,Banks,J,290,33,221.0,8.0,34583332.0,274704
Uttar Pradesh,Allahabad,2025-Q4,NBFCs,H,1303,110,1112.0,71.0,71363927.0,209101
Uttar Pradesh,Allahabad,2025-Q4,MFIs,F,2208,155,1683.0,57.0,154162092.0,209101
Uttar Pradesh,Allahabad,2025-Q4,HFCs,E,657,55,504.0,24.0,53432606.0,276203
Uttar Pradesh,Allahabad,2026-Q1,Banks,K,305,20,256.0,18.0,31664550.0,247343
Uttar Pradesh,Allahabad,2026-Q1,NBFCs,E,2597,161,2040.0,69.0,298833169.0,233304
Uttar Pradesh,Allahabad,2026-Q1,MFIs,F,2794,287,2218.0,68.0,206458081.0,222144
Uttar Pradesh,Allahabad,2026-Q1,HFCs,E,2890,199,2538.0,167.0,235273157.0,207001
Uttar Pradesh,Meerut,2025-Q2,Banks,F,2739,247,2165.0,137.0,142993159.0,271503
Uttar Pradesh,Meerut,2025-Q2,NBFCs,I,1273,52,1030.0,50.0,112416334.0,229001
Uttar Pradesh,Meerut,2025-Q2,MFIs,K,2890,165,2395.0,89.0,289911402.0,206003
Uttar Pradesh,Meerut,2025-Q2,HFCs,J,1520,176,1110.0,53.0,153383860.0,229406
Uttar Pradesh,Meerut,2025-Q3,Banks,I,2614,215,2106.0,112.0,272484973.0,221009
Uttar Pradesh,Meerut,2025-Q3,NBFCs,H,206,9,157.0,6.0,21882850.0,262701
Uttar Pradesh,Meerut,2025-Q3,MFIs,F,1900,160,1602.0,114.0,186730419.0,271503
Uttar Pradesh,Meerut,2025-Q3,HFCs,E,1644,130,1338.0,120.0,141404668.0,226501
Uttar Pradesh,Meerut,2025-Q4,Banks,F,2796,285,2036.0,115.0,271277156.0,229001
Uttar Pradesh,Meerut,2025-Q4,NBFCs,H,2138,227,1822.0,65.0,146983786.0,262701
Uttar Pradesh,Meerut,2025-Q4,MFIs,K,1232,59,926.0,28.0,123114048.0,262001
Uttar Pradesh,Meerut,2025-Q4,HFCs,F,1036,119,750.0,36.0,60443452.0,211023
Uttar Pradesh,Meerut,2026-Q1,Banks,F,2866,213,2346.0,141.0,218548324.0,243302
Uttar Pradesh,Meerut,2026-Q1,NBFCs,J,2625,237,1925.0,157.0,153871786.0,227806
Uttar Pradesh,Meerut,2026-Q1,MFIs,F,2932,281,2391.0,101.0,297070649.0,202281
Uttar Pradesh,Meerut,2026-Q1,HFCs,K,923,69,753.0,52.0,52172801.0,262701
Uttar Pradesh,Ghaziabad,2025-Q2,Banks,G,423,25,312.0,26.0,24420612.0,209727
Uttar Pradesh,Ghaziabad,2025-Q2,NBFCs,I,1491,136,1094.0,84.0,118840932.0,224168
Uttar Pradesh,Ghaziabad,2025-Q2,MFIs,F,1612,125,1270.0,113.0,136763969.0,209863
Uttar Pradesh,Ghaziabad,2025-Q2,HFCs,J,1111,46,839.0,68.0,61526413.0,276403
Uttar Pradesh,Ghaziabad,2025-Q3,Banks,E,366,17,295.0,11.0,21552013.0,275303
Uttar Pradesh,Ghaziabad,2025-Q3,NBFCs,I,267,21,215.0,17.0,23258289.0,276403
Uttar Pradesh,Ghaziabad,2025-Q3,MFIs,F,513,46,377.0,17.0,30734438.0,209727
Uttar Pradesh,Ghaziabad,2025-Q3,HFCs,K,1634,189,1201.0,42.0,127811389.0,221111
Uttar Pradesh,Ghaziabad,2025-Q4,Banks,K,1562,85,1136.0,58.0,76291471.0,243202
Uttar Pradesh,Ghaziabad,2025-Q4,NBFCs,J,473,42,375.0,18.0,22282869.0,244602
Uttar Pradesh,Ghaziabad,2025-Q4,MFIs,J,2771,138,2023.0,167.0,320578596.0,243751
Uttar Pradesh,Ghaziabad,2025-Q4,HFCs,G,295,27,217.0,17.0,29324502.0,243751
Uttar Pradesh,Ghaziabad,2026-Q1,Banks,E,444,48,389.0,33.0,35152107.0,243751
Uttar Pradesh,Ghaziabad,2026-Q1,NBFCs,F,445,53,349.0,27.0,26537052.0,276403
Uttar Pradesh,Ghaziabad,2026-Q1,MFIs,I,2612,206,1884.0,126.0,136091814.0,275303
Uttar Pradesh,Ghaziabad,2026-Q1,HFCs,E,2218,250,1810.0,58.0,161338607.0,243503
Rajasthan,Jaipur,2025-Q2,Banks,J,700,42,564.0,44.0,37846767.0,306401
Rajasthan,Jaipur,2025-Q2,NBFCs,E,1502,150,1092.0,56.0,93203536.0,313803
Rajasthan,Jaipur,2025-Q2,MFIs,G,2409,236,2093.0,71.0,137167194.0,321205
Rajasthan,Jaipur,2025-Q2,HFCs,J,1133,132,849.0,73.0,91178721.0,323603
Rajasthan,Jaipur,2025-Q3,Banks,K,429,29,325.0,14.0,42856665.0,313803
Rajasthan,Jaipur,2025-Q3,NBFCs,K,2151,144,1815.0,143.0,234018695.0,306401
Rajasthan,Jaipur,2025-Q3,MFIs,J,2455,136,1933.0,165.0,179915897.0,333041
Rajasthan,Jaipur,2025-Q3,HFCs,J,343,41,284.0,18.0,23939323.0,303103
Rajasthan,Jaipur,2025-Q4,Banks,G,499,24,387.0,23.0,40078340.0,305005
Rajasthan,Jaipur,2025-Q4,NBFCs,G,2012,216,1601.0,144.0,155941422.0,344703
Rajasthan,Jaipur,2025-Q4,MFIs,K,2091,96,1777.0,95.0,242374764.0,313803
Rajasthan,Jaipur,2025-Q4,HFCs,E,906,93,689.0,40.0,103352974.0,321404
Rajasthan,Jaipur,2026-Q1,Banks,I,1158,98,860.0,52.0,80065291.0,341319
Rajasthan,Jaipur,2026-Q1,NBFCs,J,2396,100,1904.0,156.0,260983387.0,305819
Rajasthan,Jaipur,2026-Q1,MFIs,H,676,77,552.0,19.0,56820541.0,332602
Rajasthan,Jaipur,2026-Q1,HFCs,G,1267,123,976.0,73.0,85289917.0,304024
Rajasthan,Jodhpur,2025-Q2,Banks,G,607,37,460.0,30.0,40094218.0,335522
Rajasthan,Jodhpur,2025-Q2,NBFCs,H,1837,132,1549.0,102.0,130034252.0,326501
Rajasthan,Jodhpur,2025-Q2,MFIs,K,2339,114,1769.0,146.0,146166890.0,335037
Rajasthan,Jodhpur,2025-Q2,HFCs,E,2721,249,2098.0,105.0,159235996.0,335522
Rajasthan,Jodhpur,2025-Q3,Banks,J,2092,161,1658.0,69.0,177829062.0,311802
Rajasthan,Jodhpur,2025-Q3,NBFCs,H,680,77,492.0,17.0,35924715.0,311601
Rajasthan,Jodhpur,2025-Q3,MFIs,I,2957,266,2340.0,183.0,253035463.0,303508
Rajasthan,Jodhpur,2025-Q3,HFCs,J,2927,283,2504.0,100.0,319161834.0,341317
Rajasthan,Jodhpur,2025-Q4,Banks,K,2552,114,2021.0,118.0,271630011.0,342026
Rajasthan,Jodhpur,2025-Q4,NBFCs,K,1423,62,1036.0,71.0,155411866.0,335522
Rajasthan,Jodhpur,2025-Q4,MFIs,I,2794,186,2457.0,114.0,273418448.0,328029
Rajasthan,Jodhpur,2025-Q4,HFCs,K,215,14,155.0,9.0,10099172.0,335522
Rajasthan,Jodhpur,2026-Q1,Banks,J,1688,168,1258.0,76.0,173227984.0,303508
Rajasthan,Jodhpur,2026-Q1,NBFCs,I,1009,77,769.0,43.0,46241610.0,321410
Rajasthan,Jodhpur,2026-Q1,MFIs,G,2581,109,2198.0,120.0,247606109.0,321410
Rajasthan,Jodhpur,2026-Q1,HFCs,F,2230,169,1674.0,100.0,206237110.0,311601
Rajasthan,Kota,2025-Q2,Banks,E,331,28,256.0,11.0,35762076.0,331028
Rajasthan,Kota,2025-Q2,NBFCs,F,674,63,521.0,42.0,56962695.0,305001
Rajasthan,Kota,2025-Q2,MFIs,G,1355,103,1090.0,81.0,93241385.0,342003
Rajasthan,Kota,2025-Q2,HFCs,K,1036,48,820.0,70.0,106579562.0,302048
Rajasthan,Kota,2025-Q3,Banks,E,1308,140,1121.0,95.0,93995872.0,322254
Rajasthan,Kota,2025-Q3,NBFCs,J,2139,103,1782.0,57.0,173934403.0,333504
Rajasthan,Kota,2025-Q3,MFIs,I,2309,133,1718.0,107.0,247038391.0,335707
Rajasthan,Kota,2025-Q3,HFCs,J,786,34,689.0,58.0,89034416.0,342003
Rajasthan,Kota,2025-Q4,Banks,F,1856,213,1351.0,94.0,178118584.0,305001
Rajasthan,Kota,2025-Q4,NBFCs,J,2132,183,1812.0,88.0,169885690.0,333504
Rajasthan,Kota,2025-Q4,MFIs,K,1974,219,1734.0,67.0,91156454.0,331028
Rajasthan,Kota,2025-Q4,HFCs,H,1986,214,1508.0,76.0,206799965.0,342314
Rajasthan,Kota,2026-Q1,Banks,G,2835,274,2309.0,90.0,316552734.0,322254
Rajasthan,Kota,2026-Q1,NBFCs,E,689,62,508.0,42.0,82507260.0,333504
Rajasthan,Kota,2026-Q1,MFIs,I,521,54,392.0,35.0,36338548.0,342314
Rajasthan,Kota,2026-Q1,HFCs,E,490,55,399.0,17.0,50379964.0,305001
Rajasthan,Ajmer,2025-Q2,Banks,H,652,51,507.0,45.0,33534265.0,342006
Rajasthan,Ajmer,2025-Q2,NBFCs,K,1182,123,922.0,29.0,59191315.0,322242
Rajasthan,Ajmer,2025-Q2,MFIs,G,516,26,400.0,13.0,40663845.0,335805
Rajasthan,Ajmer,2025-Q2,HFCs,I,1287,111,951.0,67.0,150256905.0,335038
Rajasthan,Ajmer,2025-Q3,Banks,E,1916,117,1620.0,142.0,124978395.0,345024
Rajasthan,Ajmer,2025-Q3,NBFCs,E,1456,82,1091.0,67.0,102089630.0,332406
Rajasthan,Ajmer,2025-Q3,MFIs,E,2631,230,1918.0,110.0,139756689.0,332406
Rajasthan,Ajmer,2025-Q3,HFCs,J,1988,140,1510.0,90.0,89609032.0,344706
Rajasthan,Ajmer,2025-Q4,Banks,H,2278,104,1917.0,81.0,112931529.0,322242
Rajasthan,Ajmer,2025-Q4,NBFCs,J,1035,87,810.0,67.0,64687640.0,304801
Rajasthan,Ajmer,2025-Q4,MFIs,H,632,31,537.0,35.0,53326776.0,322242
Rajasthan,Ajmer,2025-Q4,HFCs,G,2854,145,2316.0,131.0,147713397.0,333020
Rajasthan,Ajmer,2026-Q1,Banks,K,2981,171,2401.0,140.0,286389553.0,312025
Rajasthan,Ajmer,2026-Q1,NBFCs,E,595,34,496.0,31.0,45862661.0,345024
Rajasthan,Ajmer,2026-Q1,MFIs,E,1689,94,1463.0,110.0,89460306.0,321609
Rajasthan,Ajmer,2026-Q1,HFCs,F,1799,120,1545.0,57.0,82214071.0,342006
Rajasthan,Bikaner,2025-Q2,Banks,K,1264,92,1085.0,61.0,138304813.0,301027
Rajasthan,Bikaner,2025-Q2,NBFCs,G,2418,145,1812.0,132.0,278583747.0,306303
Rajasthan,Bikaner,2025-Q2,MFIs,K,2840,128,2246.0,146.0,223913199.0,321611
Rajasthan,Bikaner,2025-Q2,HFCs,H,1426,98,1249.0,49.0,72586688.0,311030
Rajasthan,Bikaner,2025-Q3,Banks,J,1426,126,1221.0,68.0,159540320.0,306303
Rajasthan,Bikaner,2025-Q3,NBFCs,K,1516,103,1302.0,97.0,144305406.0,306303
Rajasthan,Bikaner,2025-Q3,MFIs,E,2978,178,2476.0,167.0,189301279.0,321611
Rajasthan,Bikaner,2025-Q3,HFCs,K,2352,267,1916.0,138.0,114280946.0,334604
Rajasthan,Bikaner,2025-Q4,Banks,H,854,74,681.0,28.0,88023511.0,301714
Rajasthan,Bikaner,2025-Q4,NBFCs,J,545,55,399.0,35.0,25657754.0,333021
Rajasthan,Bikaner,2025-Q4,MFIs,I,973,71,818.0,54.0,103562357.0,328027
Rajasthan,Bikaner,2025-Q4,HFCs,I,2677,137,2015.0,118.0,176510003.0,301714
Rajasthan,Bikaner,2026-Q1,Banks,G,968,52,748.0,28.0,110940670.0,301027
Rajasthan,Bikaner,2026-Q1,NBFCs,K,1697,105,1477.0,92.0,136899302.0,301714
Rajasthan,Bikaner,2026-Q1,MFIs,E,1846,80,1601.0,65.0,158311376.0,301714
Rajasthan,Bikaner,2026-Q1,HFCs,E,2247,110,1756.0,114.0,265103509.0,328027
Rajasthan,Udaipur,2025-Q2,Banks,J,1312,85,1143.0,47.0,96286244.0,321610
Rajasthan,Udaipur,2025-Q2,NBFCs,E,1314,104,1011.0,66.0,123972033.0,335027
Rajasthan,Udaipur,2025-Q2,MFIs,J,1519,175,1266.0,113.0,121832276.0,322702
Rajasthan,Udaipur,2025-Q2,HFCs,H,876,39,663.0,58.0,64574474.0,302039
Rajasthan,Udaipur,2025-Q3,Banks,K,2398,104,1942.0,90.0,152016280.0,312204
Rajasthan,Udaipur,2025-Q3,NBFCs,H,2141,195,1779.0,157.0,128144622.0,312204
Rajasthan,Udaipur,2025-Q3,MFIs,F,2525,215,2051.0,129.0,246425366.0,311605
Rajasthan,Udaipur,2025-Q3,HFCs,G,2687,231,2151.0,103.0,144516837.0,331022
Rajasthan,Udaipur,2025-Q4,Banks,H,2300,126,1960.0,139.0,256407474.0,322702
Rajasthan,Udaipur,2025-Q4,NBFCs,I,473,52,341.0,15.0,30849325.0,328021
Rajasthan,Udaipur,2025-Q4,MFIs,H,387,37,285.0,16.0,23647825.0,341303
Rajasthan,Udaipur,2025-Q4,HFCs,E,2208,130,1600.0,114.0,139990025.0,311602
Rajasthan,Udaipur,2026-Q1,Banks,I,1999,107,1558.0,99.0,110476067.0,328024
Rajasthan,Udaipur,2026-Q1,NBFCs,E,1836,110,1423.0,76.0,166850447.0,311605
Rajasthan,Udaipur,2026-Q1,MFIs,E,2718,113,2164.0,191.0,289577949.0,302039
Rajasthan,Udaipur,2026-Q1,HFCs,G,232,11,180.0,9.0,22015154.0,311605
Rajasthan,Alwar,2025-Q2,Banks,G,2042,171,1501.0,131.0,236158381.0,303901
Rajasthan,Alwar,2025-Q2,NBFCs,J,510,55,397.0,17.0,56548819.0,305003
Rajasthan,Alwar,2025-Q2,MFIs,J,2647,302,2134.0,172.0,152551181.0,323801
Rajasthan,Alwar,2025-Q2,HFCs,I,831,88,688.0,51.0,42401770.0,305927
Rajasthan,Alwar,2025-Q3,Banks,J,2208,137,1871.0,62.0,181454920.0,312619
Rajasthan,Alwar,2025-Q3,NBFCs,I,787,56,680.0,46.0,47926613.0,312619
Rajasthan,Alwar,2025-Q3,MFIs,E,2905,229,2536.0,172.0,177122092.0,306902
Rajasthan,Alwar,2025-Q3,HFCs,I,2141,251,1637.0,138.0,142225490.0,305003
Rajasthan,Alwar,2025-Q4,Banks,F,905,98,782.0,37.0,73227651.0,323803
Rajasthan,Alwar,2025-Q4,NBFCs,F,1213,111,932.0,41.0,112150038.0,332710
Rajasthan,Alwar,2025-Q4,MFIs,F,2953,169,2197.0,125.0,216042459.0,305003
Rajasthan,Alwar,2025-Q4,HFCs,G,2864,318,2304.0,111.0,187327198.0,305802
Rajasthan,Alwar,2026-Q1,Banks,I,2069,119,1759.0,106.0,228879190.0,305802
Rajasthan,Alwar,2026-Q1,NBFCs,J,2311,231,1939.0,141.0,266446946.0,303338
Rajasthan,Alwar,2026-Q1,MFIs,E,2901,149,2466.0,99.0,225695828.0,312619
Rajasthan,Alwar,2026-Q1,HFCs,H,1659,174,1293.0,49.0,161258081.0,312619
West Bengal,Kolkata,2025-Q2,Banks,I,810,34,612.0,36.0,52350693.0,700086
West Bengal,Kolkata,2025-Q2,NBFCs,K,347,37,294.0,12.0,21613917.0,742161
West Bengal,Kolkata,2025-Q2,MFIs,K,1997,165,1464.0,126.0,141331572.0,733128
West Bengal,Kolkata,2025-Q2,HFCs,G,1363,84,1012.0,91.0,153726403.0,742161
West Bengal,Kolkata,2025-Q3,Banks,H,1111,88,900.0,36.0,69254304.0,713321
West Bengal,Kolkata,2025-Q3,NBFCs,H,2383,136,1973.0,103.0,230494012.0,743289
West Bengal,Kolkata,2025-Q3,MFIs,E,2217,185,1678.0,110.0,262434751.0,743270
West Bengal,Kolkata,2025-Q3,HFCs,H,638,70,493.0,18.0,69861797.0,700032
West Bengal,Kolkata,2025-Q4,Banks,H,1233,83,1025.0,69.0,96619058.0,742113
West Bengal,Kolkata,2025-Q4,NBFCs,H,2015,86,1485.0,122.0,104821402.0,743270
West Bengal,Kolkata,2025-Q4,MFIs,F,2871,239,2430.0,106.0,208015743.0,713357
West Bengal,Kolkata,2025-Q4,HFCs,G,2789,257,2158.0,81.0,195626417.0,700086
West Bengal,Kolkata,2026-Q1,Banks,K,1449,71,1056.0,78.0,144396921.0,743270
West Bengal,Kolkata,2026-Q1,NBFCs,H,519,58,390.0,27.0,24274696.0,743378
West Bengal,Kolkata,2026-Q1,MFIs,H,741,32,561.0,44.0,88830454.0,743378
West Bengal,Kolkata,2026-Q1,HFCs,E,2783,207,2432.0,131.0,207444931.0,700086
West Bengal,North 24 Parganas,2025-Q2,Banks,F,2832,207,2039.0,120.0,260114443.0,743429
West Bengal,North 24 Parganas,2025-Q2,NBFCs,I,1362,114,1069.0,47.0,122063177.0,733156
West Bengal,North 24 Parganas,2025-Q2,MFIs,G,2287,248,1996.0,127.0,119829789.0,721155
West Bengal,North 24 Parganas,2025-Q2,HFCs,G,2759,236,2240.0,196.0,142035786.0,711302
West Bengal,North 24 Parganas,2025-Q3,Banks,I,727,65,559.0,39.0,61396300.0,741101
West Bengal,North 24 Parganas,2025-Q3,NBFCs,I,1510,62,1146.0,99.0,109750785.0,741137
West Bengal,North 24 Parganas,2025-Q3,MFIs,I,2730,266,2092.0,126.0,203994685.0,743286
West Bengal,North 24 Parganas,2025-Q3,HFCs,J,2905,145,2522.0,203.0,288844353.0,711302
West Bengal,North 24 Parganas,2025-Q4,Banks,K,1823,195,1370.0,55.0,164141982.0,721631
West Bengal,North 24 Parganas,2025-Q4,NBFCs,E,2694,123,2225.0,117.0,183684921.0,743286
West Bengal,North 24 Parganas,2025-Q4,MFIs,G,654,77,481.0,36.0,43822691.0,732101
West Bengal,North 24 Parganas,2025-Q4,HFCs,H,2939,311,2491.0,165.0,164710520.0,733156
West Bengal,North 24 Parganas,2026-Q1,Banks,I,1901,194,1512.0,59.0,168908003.0,743405
West Bengal,North 24 Parganas,2026-Q1,NBFCs,G,2358,97,1870.0,78.0,134452436.0,743405
West Bengal,North 24 Parganas,2026-Q1,MFIs,I,252,27,213.0,13.0,27571847.0,743286
West Bengal,North 24 Parganas,2026-Q1,HFCs,E,977,110,735.0,66.0,89368497.0,700036
West Bengal,South 24 Parganas,2025-Q2,Banks,K,682,75,493.0,26.0,59445570.0,700031
West Bengal,South 24 Parganas,2025-Q2,NBFCs,I,613,62,510.0,25.0,67978112.0,713303
West Bengal,South 24 Parganas,2025-Q2,MFIs,K,860,69,732.0,32.0,65849684.0,743375
West Bengal,South 24 Parganas,2025-Q2,HFCs,E,336,34,278.0,19.0,27519354.0,735219
West Bengal,South 24 Parganas,2025-Q3,Banks,F,2377,128,2033.0,161.0,123812595.0,734006
West Bengal,South 24 Parganas,2025-Q3,NBFCs,E,1682,169,1457.0,129.0,183087500.0,721260
West Bengal,South 24 Parganas,2025-Q3,MFIs,H,2308,148,1912.0,90.0,220546014.0,736158
West Bengal,South 24 Parganas,2025-Q3,HFCs,J,337,29,289.0,17.0,32174537.0,743375
West Bengal,South 24 Parganas,2025-Q4,Banks,E,2947,312,2580.0,85.0,343692125.0,721516
West Bengal,South 24 Parganas,2025-Q4,NBFCs,J,1023,47,877.0,74.0,94541490.0,736158
West Bengal,South 24 Parganas,2025-Q4,MFIs,H,750,85,579.0,45.0,42999395.0,731302
West Bengal,South 24 Parganas,2025-Q4,HFCs,H,1258,140,1062.0,43.0,120622092.0,723213
West Bengal,South 24 Parganas,2026-Q1,Banks,K,2173,251,1618.0,71.0,118546044.0,731129
West Bengal,South 24 Parganas,2026-Q1,NBFCs,J,1725,74,1317.0,64.0,191814295.0,713303
West Bengal,South 24 Parganas,2026-Q1,MFIs,H,2307,133,2006.0,154.0,267428419.0,713215
West Bengal,South 24 Parganas,2026-Q1,HFCs,F,2580,284,2267.0,69.0,307577184.0,743349
West Bengal,Howrah,2025-Q2,Banks,I,534,40,425.0,32.0,57077261.0,713406
West Bengal,Howrah,2025-Q2,NBFCs,H,1115,110,838.0,33.0,120480651.0,711107
West Bengal,Howrah,2025-Q2,MFIs,I,1494,117,1138.0,51.0,90596963.0,734421
West Bengal,Howrah,2025-Q2,HFCs,E,2018,214,1718.0,133.0,183831737.0,700064
West Bengal,Howrah,2025-Q3,Banks,I,617,25,476.0,27.0,51809216.0,735230
West Bengal,Howrah,2025-Q3,NBFCs,F,2954,167,2447.0,199.0,322524561.0,721405
West Bengal,Howrah,2025-Q3,MFIs,F,2369,176,1809.0,148.0,223261335.0,741221
West Bengal,Howrah,2025-Q3,HFCs,F,1394,157,1036.0,50.0,64471774.0,711405
West Bengal,Howrah,2025-Q4,Banks,K,2804,174,2082.0,174.0,202577460.0,713406
West Bengal,Howrah,2025-Q4,NBFCs,H,1582,159,1246.0,92.0,119105227.0,743387
West Bengal,Howrah,2025-Q4,MFIs,E,2812,147,2243.0,99.0,162915222.0,700012
West Bengal,Howrah,2025-Q4,HFCs,I,2417,157,1948.0,118.0,210810341.0,731236
West Bengal,Howrah,2026-Q1,Banks,J,2522,106,1856.0,123.0,162912163.0,742159
West Bengal,Howrah,2026-Q1,NBFCs,F,2317,95,1974.0,106.0,254541234.0,700064
West Bengal,Howrah,2026-Q1,MFIs,I,2147,136,1665.0,113.0,113157397.0,742159
West Bengal,Howrah,2026-Q1,HFCs,J,2917,339,2427.0,89.0,192594243.0,734217
West Bengal,Hooghly,2025-Q2,Banks,I,1738,198,1342.0,96.0,137668566.0,723156
West Bengal,Hooghly,2025-Q2,NBFCs,I,1437,148,1071.0,60.0,129117803.0,733102
West Bengal,Hooghly,2025-Q2,MFIs,F,364,20,290.0,25.0,35443248.0,723156
West Bengal,Hooghly,2025-Q2,HFCs,G,2717,321,2388.0,150.0,189928746.0,721159
West Bengal,Hooghly,2025-Q3,Banks,F,1483,115,1138.0,90.0,141035523.0,721650
West Bengal,Hooghly,2025-Q3,NBFCs,F,367,16,293.0,16.0,23318106.0,721650
West Bengal,Hooghly,2025-Q3,MFIs,F,2960,242,2361.0,166.0,171575447.0,743399
West Bengal,Hooghly,2025-Q3,HFCs,G,1378,101,1042.0,86.0,78379208.0,733102
West Bengal,Hooghly,2025-Q4,Banks,G,2217,202,1883.0,150.0,122129158.0,721506
West Bengal,Hooghly,2025-Q4,NBFCs,F,2061,177,1777.0,139.0,100084386.0,743399
West Bengal,Hooghly,2025-Q4,MFIs,F,987,43,742.0,63.0,80377345.0,712221
West Bengal,Hooghly,2025-Q4,HFCs,J,272,27,200.0,17.0,29378957.0,721448
West Bengal,Hooghly,2026-Q1,Banks,I,939,56,722.0,59.0,85349182.0,741255
West Bengal,Hooghly,2026-Q1,NBFCs,K,1586,65,1251.0,50.0,85970323.0,736202
West Bengal,Hooghly,2026-Q1,MFIs,E,408,29,333.0,17.0,26796467.0,721657
West Bengal,Hooghly,2026-Q1,HFCs,H,420,31,362.0,19.0,41140173.0,723156
West Bengal,Paschim Bardhaman,2025-Q2,Banks,K,774,70,642.0,21.0,85330553.0,721403
West Bengal,Paschim Bardhaman,2025-Q2,NBFCs,H,1927,127,1495.0,57.0,144707821.0,700102
West Bengal,Paschim Bardhaman,2025-Q2,MFIs,K,1224,138,920.0,30.0,70161298.0,736134
West Bengal,Paschim Bardhaman,2025-Q2,HFCs,E,464,48,361.0,16.0,36534831.0,721403
West Bengal,Paschim Bardhaman,2025-Q3,Banks,E,2365,188,1993.0,61.0,200383461.0,700077
West Bengal,Paschim Bardhaman,2025-Q3,NBFCs,J,1616,72,1318.0,103.0,148530010.0,711109
West Bengal,Paschim Bardhaman,2025-Q3,MFIs,I,1183,111,1015.0,38.0,70461346.0,700052
West Bengal,Paschim Bardhaman,2025-Q3,HFCs,F,1416,164,1239.0,86.0,109403729.0,711109
West Bengal,Paschim Bardhaman,2025-Q4,Banks,H,833,34,730.0,24.0,77341255.0,732122
West Bengal,Paschim Bardhaman,2025-Q4,NBFCs,H,2780,222,2111.0,93.0,207583783.0,700102
West Bengal,Paschim Bardhaman,2025-Q4,MFIs,E,2399,104,1894.0,126.0,187522671.0,732122
West Bengal,Paschim Bardhaman,2025-Q4,HFCs,E,2038,198,1555.0,83.0,157674709.0,732122
West Bengal,Paschim Bardhaman,2026-Q1,Banks,K,1578,105,1196.0,41.0,139570498.0,742122
West Bengal,Paschim Bardhaman,2026-Q1,NBFCs,G,970,115,794.0,53.0,91155740.0,711109
West Bengal,Paschim Bardhaman,2026-Q1,MFIs,E,549,38,412.0,26.0,49801440.0,700112
West Bengal,Paschim Bardhaman,2026-Q1,HFCs,F,823,60,611.0,30.0,93744185.0,713207
Telangana,Hyderabad,2025-Q2,Banks,E,1447,160,1185.0,54.0,102534546.0,500020
Telangana,Hyderabad,2025-Q2,NBFCs,I,378,31,274.0,15.0,23591068.0,505404
Telangana,Hyderabad,2025-Q2,MFIs,J,1288,53,946.0,71.0,142693897.0,502371
Telangana,Hyderabad,2025-Q2,HFCs,E,1904,162,1446.0,121.0,113906395.0,503219
Telangana,Hyderabad,2025-Q3,Banks,K,1022,65,866.0,54.0,66591506.0,505404
Telangana,Hyderabad,2025-Q3,NBFCs,K,973,53,761.0,35.0,103221927.0,509336
Telangana,Hyderabad,2025-Q3,MFIs,I,590,43,517.0,28.0,30795139.0,500108
Telangana,Hyderabad,2025-Q3,HFCs,H,847,77,685.0,34.0,97424177.0,508245
Telangana,Hyderabad,2025-Q4,Banks,G,1681,123,1386.0,43.0,137008232.0,501158
Telangana,Hyderabad,2025-Q4,NBFCs,H,1233,106,1017.0,85.0,145937883.0,508202
Telangana,Hyderabad,2025-Q4,MFIs,J,1935,80,1701.0,151.0,101466439.0,508212
Telangana,Hyderabad,2025-Q4,HFCs,H,2000,217,1450.0,104.0,169646821.0,500054
Telangana,Hyderabad,2026-Q1,Banks,I,805,49,655.0,47.0,40265843.0,505129
Telangana,Hyderabad,2026-Q1,NBFCs,H,410,49,318.0,17.0,28577126.0,508202
Telangana,Hyderabad,2026-Q1,MFIs,F,2960,274,2530.0,179.0,298565307.0,507182
Telangana,Hyderabad,2026-Q1,HFCs,K,2025,230,1683.0,81.0,189112963.0,508202
Telangana,Ranga Reddy,2025-Q2,Banks,I,2868,186,2253.0,71.0,215855304.0,506332
Telangana,Ranga Reddy,2025-Q2,NBFCs,H,484,25,380.0,19.0,57992561.0,508256
Telangana,Ranga Reddy,2025-Q2,MFIs,G,463,24,338.0,26.0,50859455.0,500087
Telangana,Ranga Reddy,2025-Q2,HFCs,H,2779,118,2404.0,186.0,295002404.0,509412
Telangana,Ranga Reddy,2025-Q3,Banks,K,933,106,750.0,66.0,62445735.0,504207
Telangana,Ranga Reddy,2025-Q3,NBFCs,I,1775,154,1376.0,51.0,136085810.0,500087
Telangana,Ranga Reddy,2025-Q3,MFIs,K,501,44,404.0,28.0,32561626.0,506332
Telangana,Ranga Reddy,2025-Q3,HFCs,J,1150,130,929.0,30.0,55421805.0,504297
Telangana,Ranga Reddy,2025-Q4,Banks,F,2043,238,1670.0,95.0,132787651.0,500006
Telangana,Ranga Reddy,2025-Q4,NBFCs,F,748,36,612.0,54.0,53106665.0,500087
Telangana,Ranga Reddy,2025-Q4,MFIs,I,2261,143,1989.0,174.0,209125115.0,502267
Telangana,Ranga Reddy,2025-Q4,HFCs,K,1736,157,1443.0,51.0,106972008.0,504207
Telangana,Ranga Reddy,2026-Q1,Banks,E,2596,157,2063.0,70.0,216280954.0,505307
Telangana,Ranga Reddy,2026-Q1,NBFCs,I,724,35,598.0,37.0,51180675.0,504297
Telangana,Ranga Reddy,2026-Q1,MFIs,F,880,100,651.0,22.0,101309288.0,501506
Telangana,Ranga Reddy,2026-Q1,HFCs,K,524,24,460.0,27.0,58621674.0,500002
Telangana,Medchal Malkajgiri,2025-Q2,Banks,K,2780,273,2005.0,165.0,277762344.0,509324
Telangana,Medchal Malkajgiri,2025-Q2,NBFCs,J,2540,258,2036.0,141.0,157669852.0,508001
Telangana,Medchal Malkajgiri,2025-Q2,MFIs,J,912,38,662.0,53.0,80886101.0,502313
Telangana,Medchal Malkajgiri,2025-Q2,HFCs,F,1201,121,1039.0,48.0,129861735.0,506329
Telangana,Medchal Malkajgiri,2025-Q3,Banks,J,732,78,616.0,26.0,58089587.0,507318
Telangana,Medchal Malkajgiri,2025-Q3,NBFCs,E,2290,141,1650.0,78.0,257277779.0,502313
Telangana,Medchal Malkajgiri,2025-Q3,MFIs,K,2360,180,1805.0,102.0,107000613.0,505526
Telangana,Medchal Malkajgiri,2025-Q3,HFCs,K,2595,138,2181.0,135.0,287634333.0,505526
Telangana,Medchal Malkajgiri,2025-Q4,Banks,I,1913,174,1606.0,101.0,107286510.0,502301
Telangana,Medchal Malkajgiri,2025-Q4,NBFCs,E,805,85,590.0,31.0,87106401.0,505526
Telangana,Medchal Malkajgiri,2025-Q4,MFIs,I,559,57,474.0,41.0,44621980.0,506370
Telangana,Medchal Malkajgiri,2025-Q4,HFCs,I,2324,112,1846.0,96.0,217118233.0,508001
Telangana,Medchal Malkajgiri,2026-Q1,Banks,F,331,25,242.0,21.0,28711463.0,505526
Telangana,Medchal Malkajgiri,2026-Q1,NBFCs,G,1964,144,1616.0,113.0,151083389.0,500001
Telangana,Medchal Malkajgiri,2026-Q1,MFIs,E,1155,72,841.0,33.0,111118150.0,500050
Telangana,Medchal Malkajgiri,2026-Q1,HFCs,H,538,39,399.0,23.0,37021560.0,509324
Telangana,Warangal,2025-Q2,Banks,G,2701,293,2057.0,88.0,140506858.0,509401
Telangana,Warangal,2025-Q2,NBFCs,E,2779,256,2373.0,148.0,248131252.0,507211
Telangana,Warangal,2025-Q2,MFIs,F,1342,137,1106.0,41.0,97641406.0,508376
Telangana,Warangal,2025-Q2,HFCs,E,2520,288,2191.0,181.0,241170534.0,504303
Telangana,Warangal,2025-Q3,Banks,I,2683,138,2046.0,159.0,231713136.0,507001
Telangana,Warangal,2025-Q3,NBFCs,H,1842,166,1569.0,120.0,98982681.0,500038
Telangana,Warangal,2025-Q3,MFIs,E,2097,90,1541.0,48.0,184567305.0,508258
Telangana,Warangal,2025-Q3,HFCs,I,2146,125,1859.0,104.0,148333099.0,502302
Telangana,Warangal,2025-Q4,Banks,I,2138,238,1654.0,144.0,173584144.0,508111
Telangana,Warangal,2025-Q4,NBFCs,E,375,21,309.0,19.0,39712630.0,500073
Telangana,Warangal,2025-Q4,MFIs,H,2100,149,1840.0,156.0,198317396.0,509401
Telangana,Warangal,2025-Q4,HFCs,J,2877,265,2291.0,178.0,166214523.0,508111
Telangana,Warangal,2026-Q1,Banks,F,316,23,245.0,18.0,17087044.0,507211
Telangana,Warangal,2026-Q1,NBFCs,E,1673,77,1213.0,80.0,151034488.0,508376
Telangana,Warangal,2026-Q1,MFIs,I,2758,300,2066.0,152.0,180654936.0,503180
Telangana,Warangal,2026-Q1,HFCs,E,584,34,430.0,18.0,40572397.0,500016
Telangana,Karimnagar,2025-Q2,Banks,K,307,23,255.0,9.0,27398639.0,503213
Telangana,Karimnagar,2025-Q2,NBFCs,G,437,50,365.0,29.0,38686388.0,508112
Telangana,Karimnagar,2025-Q2,MFIs,I,2148,190,1860.0,98.0,180706361.0,502321
Telangana,Karimnagar,2025-Q2,HFCs,J,1519,91,1161.0,62.0,174130958.0,504110
Telangana,Karimnagar,2025-Q3,Banks,F,1773,95,1529.0,112.0,86070567.0,507202
Telangana,Karimnagar,2025-Q3,NBFCs,F,2017,118,1602.0,132.0,238014595.0,509152
Telangana,Karimnagar,2025-Q3,MFIs,K,2159,247,1567.0,54.0,107476179.0,509205
Telangana,Karimnagar,2025-Q3,HFCs,I,2065,164,1562.0,119.0,174456139.0,504110
Telangana,Karimnagar,2025-Q4,Banks,K,461,29,385.0,21.0,51915787.0,509152
Telangana,Karimnagar,2025-Q4,NBFCs,F,1692,128,1236.0,103.0,194619966.0,504110
Telangana,Karimnagar,2025-Q4,MFIs,I,1952,227,1626.0,79.0,225128770.0,500930
Telangana,Karimnagar,2025-Q4,HFCs,E,1507,114,1151.0,76.0,74909256.0,509152
Telangana,Karimnagar,2026-Q1,Banks,E,1632,82,1352.0,69.0,169133853.0,500930
Telangana,Karimnagar,2026-Q1,NBFCs,H,2524,151,1919.0,65.0,287751078.0,509215
Telangana,Karimnagar,2026-Q1,MFIs,K,2458,225,2138.0,132.0,268530165.0,503213
Telangana,Karimnagar,2026-Q1,HFCs,G,2021,211,1538.0,124.0,116594790.0,508112
Telangana,Nizamabad,2025-Q2,Banks,J,975,104,837.0,33.0,46010844.0,500019
Telangana,Nizamabad,2025-Q2,NBFCs,I,766,42,642.0,54.0,75892419.0,501143
Telangana,Nizamabad,2025-Q2,MFIs,J,863,95,702.0,29.0,67314966.0,506366
Telangana,Nizamabad,2025-Q2,HFCs,E,1481,176,1078.0,87.0,141268451.0,504294
Telangana,Nizamabad,2025-Q3,Banks,J,1422,70,1054.0,75.0,69973689.0,503002
Telangana,Nizamabad,2025-Q3,NBFCs,E,2528,162,1999.0,118.0,251618513.0,506391
Telangana,Nizamabad,2025-Q3,MFIs,I,2796,315,2091.0,127.0,155280156.0,504294
Telangana,Nizamabad,2025-Q3,HFCs,E,1715,181,1236.0,90.0,191202708.0,503125
Telangana,Nizamabad,2025-Q4,Banks,K,2049,87,1533.0,73.0,102026328.0,509235
Telangana,Nizamabad,2025-Q4,NBFCs,I,1896,163,1433.0,69.0,150339345.0,504109
Telangana,Nizamabad,2025-Q4,MFIs,F,2055,158,1680.0,98.0,207424649.0,505304
Telangana,Nizamabad,2025-Q4,HFCs,E,2006,178,1667.0,96.0,108011817.0,509235
Telangana,Nizamabad,2026-Q1,Banks,F,2189,235,1602.0,104.0,210072413.0,501143
Telangana,Nizamabad,2026-Q1,NBFCs,E,2181,193,1820.0,61.0,219301324.0,500118
Telangana,Nizamabad,2026-Q1,MFIs,H,1236,143,947.0,59.0,143647075.0,504309
Telangana,Nizamabad,2026-Q1,HFCs,H,1698,158,1274.0,113.0,141730553.0,506366
Madhya Pradesh,Bhopal,2025-Q2,Banks,E,2080,115,1526.0,65.0,138579659.0,473335
Madhya Pradesh,Bhopal,2025-Q2,NBFCs,H,1484,126,1134.0,62.0,172856742.0,480223
Madhya Pradesh,Bhopal,2025-Q2,MFIs,E,1479,177,1114.0,94.0,78805329.0,451441
Madhya Pradesh,Bhopal,2025-Q2,HFCs,H,1781,82,1425.0,61.0,111611113.0,458110
Madhya Pradesh,Bhopal,2025-Q3,Banks,J,2750,266,2108.0,118.0,300066611.0,480223
Madhya Pradesh,Bhopal,2025-Q3,NBFCs,J,1781,169,1408.0,67.0,142950554.0,480223
Madhya Pradesh,Bhopal,2025-Q3,MFIs,K,2365,271,1720.0,125.0,197552466.0,486335
Madhya Pradesh,Bhopal,2025-Q3,HFCs,H,619,63,538.0,46.0,52957643.0,485666
Madhya Pradesh,Bhopal,2025-Q4,Banks,J,2481,115,2179.0,129.0,241225489.0,486331
Madhya Pradesh,Bhopal,2025-Q4,NBFCs,F,1670,165,1334.0,96.0,133488604.0,460553
Madhya Pradesh,Bhopal,2025-Q4,MFIs,K,1943,91,1473.0,47.0,95692790.0,465113
Madhya Pradesh,Bhopal,2025-Q4,HFCs,K,1223,125,914.0,49.0,113986678.0,486890
Madhya Pradesh,Bhopal,2026-Q1,Banks,J,2830,304,2463.0,193.0,224223191.0,486331
Madhya Pradesh,Bhopal,2026-Q1,NBFCs,F,627,65,454.0,20.0,47987888.0,486331
Madhya Pradesh,Bhopal,2026-Q1,MFIs,H,2655,256,2293.0,148.0,236927183.0,462031
Madhya Pradesh,Bhopal,2026-Q1,HFCs,E,2632,198,2055.0,111.0,215100322.0,485666
Madhya Pradesh,Indore,2025-Q2,Banks,I,462,35,345.0,24.0,33388123.0,460666
Madhya Pradesh,Indore,2025-Q2,NBFCs,F,368,16,320.0,29.0,41697725.0,485773
Madhya Pradesh,Indore,2025-Q2,MFIs,J,2051,94,1779.0,62.0,146797890.0,480105
Madhya Pradesh,Indore,2025-Q2,HFCs,E,2019,224,1650.0,89.0,114129468.0,480441
Madhya Pradesh,Indore,2025-Q3,Banks,H,647,67,487.0,22.0,56650598.0,485773
Madhya Pradesh,Indore,2025-Q3,NBFCs,F,2469,264,1948.0,119.0,247198776.0,486220
Madhya Pradesh,Indore,2025-Q3,MFIs,E,2248,242,1735.0,108.0,257096852.0,470772
Madhya Pradesh,Indore,2025-Q3,HFCs,H,662,33,488.0,36.0,55229459.0,460666
Madhya Pradesh,Indore,2025-Q4,Banks,E,1219,95,930.0,62.0,132705034.0,470339
Madhya Pradesh,Indore,2025-Q4,NBFCs,J,2068,163,1717.0,106.0,226187293.0,480105
Madhya Pradesh,Indore,2025-Q4,MFIs,H,714,72,577.0,21.0,71181266.0,464221
Madhya Pradesh,Indore,2025-Q4,HFCs,F,2640,212,2204.0,141.0,230230284.0,462045
Madhya Pradesh,Indore,2026-Q1,Banks,J,2213,246,1798.0,99.0,169389347.0,455339
Madhya Pradesh,Indore,2026-Q1,NBFCs,E,850,42,623.0,46.0,83325768.0,473287
Madhya Pradesh,Indore,2026-Q1,MFIs,I,472,56,395.0,29.0,39912021.0,485773
Madhya Pradesh,Indore,2026-Q1,HFCs,H,2162,171,1784.0,91.0,195699135.0,460001
Madhya Pradesh,Jabalpur,2025-Q2,Banks,H,1071,127,894.0,61.0,66532566.0,485775
Madhya Pradesh,Jabalpur,2025-Q2,NBFCs,K,1926,193,1481.0,131.0,149601181.0,461441
Madhya Pradesh,Jabalpur,2025-Q2,MFIs,E,2043,154,1499.0,128.0,217593950.0,462026
Madhya Pradesh,Jabalpur,2025-Q2,HFCs,J,2897,148,2370.0,109.0,191774344.0,458883
Madhya Pradesh,Jabalpur,2025-Q3,Banks,J,496,48,389.0,30.0,40371775.0,461441
Madhya Pradesh,Jabalpur,2025-Q3,NBFCs,J,1262,99,1083.0,52.0,97892003.0,471515
Madhya Pradesh,Jabalpur,2025-Q3,MFIs,E,1491,105,1128.0,82.0,111918687.0,461441
Madhya Pradesh,Jabalpur,2025-Q3,HFCs,I,381,37,317.0,19.0,34728217.0,462026
Madhya Pradesh,Jabalpur,2025-Q4,Banks,J,681,38,529.0,29.0,61340752.0,487001
Madhya Pradesh,Jabalpur,2025-Q4,NBFCs,K,511,47,410.0,22.0,25743994.0,461441
Madhya Pradesh,Jabalpur,2025-Q4,MFIs,I,2766,186,2360.0,122.0,124733272.0,488222
Madhya Pradesh,Jabalpur,2025-Q4,HFCs,F,2827,203,2344.0,91.0,163604501.0,488222
Madhya Pradesh,Jabalpur,2026-Q1,Banks,G,2144,141,1886.0,152.0,143740818.0,485775
Madhya Pradesh,Jabalpur,2026-Q1,NBFCs,E,957,93,838.0,49.0,62738450.0,461441
Madhya Pradesh,Jabalpur,2026-Q1,MFIs,E,946,59,738.0,53.0,57089495.0,458883
Madhya Pradesh,Jabalpur,2026-Q1,HFCs,G,1575,138,1315.0,81.0,171017263.0,487001
Madhya Pradesh,Gwalior,2025-Q2,Banks,E,790,45,628.0,49.0,38102251.0,470001
Madhya Pradesh,Gwalior,2025-Q2,NBFCs,J,1743,112,1261.0,72.0,118370853.0,465680
Madhya Pradesh,Gwalior,2025-Q2,MFIs,I,2349,166,1811.0,69.0,233511099.0,487110
Madhya Pradesh,Gwalior,2025-Q2,HFCs,K,2229,214,1640.0,124.0,209981548.0,465680
Madhya Pradesh,Gwalior,2025-Q3,Banks,H,269,21,236.0,11.0,23766164.0,464331
Madhya Pradesh,Gwalior,2025-Q3,NBFCs,G,2544,139,2058.0,77.0,189705745.0,481664
Madhya Pradesh,Gwalior,2025-Q3,MFIs,E,1328,129,1138.0,86.0,99655796.0,473638
Madhya Pradesh,Gwalior,2025-Q3,HFCs,E,1524,71,1271.0,103.0,74329997.0,481664
Madhya Pradesh,Gwalior,2025-Q4,Banks,J,765,40,671.0,33.0,75270785.0,485334
Madhya Pradesh,Gwalior,2025-Q4,NBFCs,H,2642,236,2061.0,99.0,288547458.0,465447
Madhya Pradesh,Gwalior,2025-Q4,MFIs,J,2098,216,1532.0,74.0,200987330.0,477445
Madhya Pradesh,Gwalior,2025-Q4,HFCs,H,2400,213,1866.0,138.0,274849015.0,465339
Madhya Pradesh,Gwalior,2026-Q1,Banks,I,623,40,464.0,41.0,66560029.0,465447
Madhya Pradesh,Gwalior,2026-Q1,NBFCs,F,515,56,438.0,23.0,41109752.0,465680
Madhya Pradesh,Gwalior,2026-Q1,MFIs,E,2161,134,1615.0,65.0,179627274.0,451225
Madhya Pradesh,Gwalior,2026-Q1,HFCs,G,2189,90,1670.0,143.0,230337332.0,487110
Madhya Pradesh,Ujjain,2025-Q2,Banks,J,1785,152,1303.0,109.0,87262413.0,476229
Madhya Pradesh,Ujjain,2025-Q2,NBFCs,H,2411,107,1790.0,132.0,245892294.0,462036
Madhya Pradesh,Ujjain,2025-Q2,MFIs,J,1148,75,887.0,52.0,75913675.0,450881
Madhya Pradesh,Ujjain,2025-Q2,HFCs,E,329,29,268.0,20.0,37744835.0,481662
Madhya Pradesh,Ujjain,2025-Q3,Banks,J,816,55,664.0,33.0,94839742.0,473660
Madhya Pradesh,Ujjain,2025-Q3,NBFCs,G,2775,141,2051.0,168.0,211142014.0,462036
Madhya Pradesh,Ujjain,2025-Q3,MFIs,E,928,108,731.0,61.0,69045102.0,466120
Madhya Pradesh,Ujjain,2025-Q3,HFCs,K,377,40,308.0,22.0,31527327.0,461335
Madhya Pradesh,Ujjain,2025-Q4,Banks,K,1444,66,1058.0,39.0,79234789.0,481662
Madhya Pradesh,Ujjain,2025-Q4,NBFCs,K,1669,71,1302.0,46.0,181906610.0,461335
Madhya Pradesh,Ujjain,2025-Q4,MFIs,H,1241,121,1089.0,78.0,118262999.0,481662
Madhya Pradesh,Ujjain,2025-Q4,HFCs,E,2844,176,2189.0,113.0,314263870.0,474009
Madhya Pradesh,Ujjain,2026-Q1,Banks,J,2132,155,1682.0,145.0,99360406.0,464258
Madhya Pradesh,Ujjain,2026-Q1,NBFCs,J,2732,115,2077.0,140.0,188572705.0,464671
Madhya Pradesh,Ujjain,2026-Q1,MFIs,E,313,21,274.0,20.0,36588636.0,464258
Madhya Pradesh,Ujjain,2026-Q1,HFCs,H,1401,138,1071.0,38.0,84264095.0,451331
Madhya Pradesh,Sagar,2025-Q2,Banks,F,2490,121,1860.0,64.0,161003242.0,464884
Madhya Pradesh,Sagar,2025-Q2,NBFCs,H,1863,215,1468.0,47.0,168834208.0,464570
Madhya Pradesh,Sagar,2025-Q2,MFIs,G,1297,147,1091.0,96.0,126832203.0,483990
Madhya Pradesh,Sagar,2025-Q2,HFCs,H,2792,318,2157.0,169.0,164214216.0,485447
Madhya Pradesh,Sagar,2025-Q3,Banks,K,1619,178,1292.0,103.0,114910659.0,454331
Madhya Pradesh,Sagar,2025-Q3,NBFCs,G,2345,225,2012.0,84.0,242999323.0,454331
Madhya Pradesh,Sagar,2025-Q3,MFIs,J,2746,251,2386.0,149.0,269008693.0,485447
Madhya Pradesh,Sagar,2025-Q3,HFCs,I,377,37,330.0,13.0,36349930.0,480557
Madhya Pradesh,Sagar,2025-Q4,Banks,J,1537,151,1263.0,45.0,113213380.0,464570
Madhya Pradesh,Sagar,2025-Q4,NBFCs,K,618,25,446.0,27.0,56899860.0,470672
Madhya Pradesh,Sagar,2025-Q4,MFIs,E,2542,241,2155.0,193.0,232507313.0,453220
Madhya Pradesh,Sagar,2025-Q4,HFCs,K,2718,310,2125.0,70.0,268337657.0,461775
Madhya Pradesh,Sagar,2026-Q1,Banks,E,1543,117,1200.0,93.0,107689606.0,454331
Madhya Pradesh,Sagar,2026-Q1,NBFCs,G,971,84,776.0,38.0,73447027.0,483990
Madhya Pradesh,Sagar,2026-Q1,MFIs,G,2725,123,2326.0,133.0,285163127.0,480557
Madhya Pradesh,Sagar,2026-Q1,HFCs,I,2918,287,2258.0,149.0,251847586.0,470672
Madhya Pradesh,Rewa,2025-Q2,Banks,I,318,28,260.0,23.0,22854577.0,486002
Madhya Pradesh,Rewa,2025-Q2,NBFCs,H,1081,114,924.0,74.0,110602443.0,484881
Madhya Pradesh,Rewa,2025-Q2,MFIs,E,1593,157,1206.0,63.0,101323739.0,480111
Madhya Pradesh,Rewa,2025-Q2,HFCs,F,2117,222,1601.0,130.0,121022288.0,477332
Madhya Pradesh,Rewa,2025-Q3,Banks,H,2182,249,1803.0,135.0,188800684.0,477660
Madhya Pradesh,Rewa,2025-Q3,NBFCs,H,2025,200,1762.0,62.0,168271407.0,470442
Madhya Pradesh,Rewa,2025-Q3,MFIs,E,2907,337,2312.0,91.0,253631857.0,477332
Madhya Pradesh,Rewa,2025-Q3,HFCs,G,2229,120,1879.0,116.0,159030230.0,483001
Madhya Pradesh,Rewa,2025-Q4,Banks,F,2786,211,2121.0,189.0,291062090.0,470221
Madhya Pradesh,Rewa,2025-Q4,NBFCs,E,1998,209,1651.0,55.0,187727606.0,483001
Madhya Pradesh,Rewa,2025-Q4,MFIs,E,2216,260,1714.0,106.0,208163336.0,485881
Madhya Pradesh,Rewa,2025-Q4,HFCs,F,2627,310,2154.0,101.0,192074932.0,477332
Madhya Pradesh,Rewa,2026-Q1,Banks,I,1052,76,919.0,39.0,96536529.0,465337
Madhya Pradesh,Rewa,2026-Q1,NBFCs,F,2277,164,1776.0,115.0,219418262.0,487881
Madhya Pradesh,Rewa,2026-Q1,MFIs,E,1231,146,1078.0,85.0,68036350.0,477332
Madhya Pradesh,Rewa,2026-Q1,HFCs,J,1301,134,1020.0,88.0,100646568.0,485881
Uttar Pradesh,Agra,2025-Q2,NBFCs,G,513,30,,,,221207
Uttar Pradesh,Agra,2025-Q3,NBFCs,G,478,17,,,,221207
Uttar Pradesh,Agra,2025-Q4,NBFCs,G,623,23,,,,221207
Uttar Pradesh,Agra,2026-Q1,NBFCs,G,671,26,,,,221207
Tamil Nadu,Madurai,2025-Q2,NBFCs,G,352,27,,,,614630
Tamil Nadu,Madurai,2025-Q3,NBFCs,G,353,11,,,,614630
Tamil Nadu,Madurai,2025-Q4,NBFCs,G,695,49,,,,614630
Tamil Nadu,Madurai,2026-Q1,NBFCs,G,251,19,,,,614630
Tamil Nadu,Madurai,2025-Q2,NBFCs,G,174,6,,,,600057
Tamil Nadu,Madurai,2025-Q3,NBFCs,G,585,21,,,,600057
Tamil Nadu,Madurai,2025-Q4,NBFCs,G,460,30,,,,600057
Tamil Nadu,Madurai,2026-Q1,NBFCs,G,539,41,,,,600057
West Bengal,South 24 Parganas,2025-Q2,NBFCs,G,260,18,,,,713330
West Bengal,South 24 Parganas,2025-Q3,NBFCs,G,206,10,,,,713330
West Bengal,South 24 Parganas,2025-Q4,NBFCs,G,204,14,,,,713330
West Bengal,South 24 Parganas,2026-Q1,NBFCs,G,694,53,,,,713330
Tamil Nadu,Vellore,2025-Q2,NBFCs,G,715,53,,,,614101
Tamil Nadu,Vellore,2025-Q3,NBFCs,G,529,16,,,,614101
Tamil Nadu,Vellore,2025-Q4,NBFCs,G,701,38,,,,614101
Tamil Nadu,Vellore,2026-Q1,NBFCs,G,581,23,,,,614101
Madhya Pradesh,Ujjain,2025-Q2,NBFCs,G,472,17,,,,457118
Madhya Pradesh,Ujjain,2025-Q3,NBFCs,G,195,6,,,,457118
Madhya Pradesh,Ujjain,2025-Q4,NBFCs,G,346,21,,,,457118
Madhya Pradesh,Ujjain,2026-Q1,NBFCs,G,682,39,,,,457118
Telangana,Karimnagar,2025-Q2,NBFCs,G,299,14,,,,501510
Telangana,Karimnagar,2025-Q3,NBFCs,G,402,14,,,,501510
Telangana,Karimnagar,2025-Q4,NBFCs,G,330,10,,,,501510
Telangana,Karimnagar,2026-Q1,NBFCs,G,583,43,,,,501510
Rajasthan,Alwar,2025-Q2,NBFCs,G,408,19,,,,301408
Rajasthan,Alwar,2025-Q3,NBFCs,G,576,45,,,,301408
Rajasthan,Alwar,2025-Q4,NBFCs,G,601,19,,,,301408
Rajasthan,Alwar,2026-Q1,NBFCs,G,504,22,,,,301408
Tamil Nadu,Coimbatore,2025-Q2,NBFCs,G,523,21,,,,612001
Tamil Nadu,Coimbatore,2025-Q3,NBFCs,G,472,16,,,,612001
Tamil Nadu,Coimbatore,2025-Q4,NBFCs,G,129,10,,,,612001
Tamil Nadu,Coimbatore,2026-Q1,NBFCs,G,212,8,,,,612001
Madhya Pradesh,Bhopal,2025-Q2,NBFCs,G,371,14,,,,483332
Madhya Pradesh,Bhopal,2025-Q3,NBFCs,G,296,17,,,,483332
Madhya Pradesh,Bhopal,2025-Q4,NBFCs,G,180,8,,,,483332
Madhya Pradesh,Bhopal,2026-Q1,NBFCs,G,382,13,,,,483332
Tamil Nadu,Salem,2025-Q2,NBFCs,G,378,13,,,,621118
Tamil Nadu,Salem,2025-Q3,NBFCs,G,360,19,,,,621118
Tamil Nadu,Salem,2025-Q4,NBFCs,G,287,11,,,,621118
Tamil Nadu,Salem,2026-Q1,NBFCs,G,478,28,,,,621118
Tamil Nadu,Salem,2025-Q2,NBFCs,G,738,29,,,,636105
Tamil Nadu,Salem,2025-Q3,NBFCs,G,745,23,,,,636105
Tamil Nadu,Salem,2025-Q4,NBFCs,G,409,18,,,,636105
Tamil Nadu,Salem,2026-Q1,NBFCs,G,786,28,,,,636105
Telangana,Warangal,2025-Q2,NBFCs,G,722,51,,,,505122
Telangana,Warangal,2025-Q3,NBFCs,G,598,33,,,,505122
Telangana,Warangal,2025-Q4,NBFCs,G,293,23,,,,505122
Telangana,Warangal,2026-Q1,NBFCs,G,752,42,,,,505122
Gujarat,Vadodara,2025-Q2,NBFCs,G,633,23,,,,394380
Gujarat,Vadodara,2025-Q3,NBFCs,G,269,18,,,,394380
Gujarat,Vadodara,2025-Q4,NBFCs,G,227,17,,,,394380
Gujarat,Vadodara,2026-Q1,NBFCs,G,544,28,,,,394380
Maharashtra,Nashik,2025-Q2,NBFCs,G,112,8,,,,400013
Maharashtra,Nashik,2025-Q3,NBFCs,G,128,9,,,,400013
Maharashtra,Nashik,2025-Q4,NBFCs,G,670,40,,,,400013
Maharashtra,Nashik,2026-Q1,NBFCs,G,330,22,,,,400013
Telangana,Nizamabad,2025-Q2,NBFCs,G,142,5,,,,509380
Telangana,Nizamabad,2025-Q3,NBFCs,G,248,8,,,,509380
Telangana,Nizamabad,2025-Q4,NBFCs,G,476,31,,,,509380
Telangana,Nizamabad,2026-Q1,NBFCs,G,645,47,,,,509380
West Bengal,South 24 Parganas,2025-Q2,NBFCs,G,142,5,,,,733208
West Bengal,South 24 Parganas,2025-Q3,NBFCs,G,425,18,,,,733208
West Bengal,South 24 Parganas,2025-Q4,NBFCs,G,355,22,,,,733208
West Bengal,South 24 Parganas,2026-Q1,NBFCs,G,786,30,,,,733208
Tamil Nadu,Erode,2025-Q2,NBFCs,G,527,24,,,,603209
Tamil Nadu,Erode,2025-Q3,NBFCs,G,290,12,,,,603209
Tamil Nadu,Erode,2025-Q4,NBFCs,G,552,21,,,,603209
Tamil Nadu,Erode,2026-Q1,NBFCs,G,749,34,,,,603209
Uttar Pradesh,Ghaziabad,2025-Q2,NBFCs,G,327,18,,,,227816
Uttar Pradesh,Ghaziabad,2025-Q3,NBFCs,G,313,14,,,,227816
Uttar Pradesh,Ghaziabad,2025-Q4,NBFCs,G,534,33,,,,227816
Uttar Pradesh,Ghaziabad,2026-Q1,NBFCs,G,736,44,,,,227816
Tamil Nadu,Erode,2025-Q2,NBFCs,G,292,11,,,,636812
Tamil Nadu,Erode,2025-Q3,NBFCs,G,426,17,,,,636812
Tamil Nadu,Erode,2025-Q4,NBFCs,G,584,31,,,,636812
Tamil Nadu,Erode,2026-Q1,NBFCs,G,403,28,,,,636812
Tamil Nadu,Erode,2025-Q2,NBFCs,G,552,18,,,,622402
Tamil Nadu,Erode,2025-Q3,NBFCs,G,394,23,,,,622402
Tamil Nadu,Erode,2025-Q4,NBFCs,G,347,24,,,,622402
Tamil Nadu,Erode,2026-Q1,NBFCs,G,224,10,,,,622402
Gujarat,Bharuch,2025-Q2,NBFCs,G,514,19,,,,387375
Gujarat,Bharuch,2025-Q3,NBFCs,G,140,6,,,,387375
Gujarat,Bharuch,2025-Q4,NBFCs,G,334,18,,,,387375
Gujarat,Bharuch,2026-Q1,NBFCs,G,471,35,,,,387375
Uttar Pradesh,Allahabad,2025-Q2,NBFCs,G,446,35,,,,283110
Uttar Pradesh,Allahabad,2025-Q3,NBFCs,G,703,25,,,,283110
Uttar Pradesh,Allahabad,2025-Q4,NBFCs,G,751,42,,,,283110
Uttar Pradesh,Allahabad,2026-Q1,NBFCs,G,163,7,,,,283110
Gujarat,Rajkot,2025-Q2,NBFCs,G,800,61,,,,384565
Gujarat,Rajkot,2025-Q3,NBFCs,G,380,26,,,,384565
Gujarat,Rajkot,2025-Q4,NBFCs,G,691,33,,,,384565
Gujarat,Rajkot,2026-Q1,NBFCs,G,668,31,,,,384565
Madhya Pradesh,Rewa,2025-Q2,NBFCs,G,226,15,,,,480110
Madhya Pradesh,Rewa,2025-Q3,NBFCs,G,171,7,,,,480110
Madhya Pradesh,Rewa,2025-Q4,NBFCs,G,155,11,,,,480110
Madhya Pradesh,Rewa,2026-Q1,NBFCs,G,312,12,,,,480110
Karnataka,Mysuru,2025-Q2,NBFCs,G,537,19,,,,582115
Karnataka,Mysuru,2025-Q3,NBFCs,G,763,57,,,,582115
Karnataka,Mysuru,2025-Q4,NBFCs,G,529,20,,,,582115
Karnataka,Mysuru,2026-Q1,NBFCs,G,193,13,,,,582115
Madhya Pradesh,Gwalior,2025-Q2,NBFCs,G,795,28,,,,484774
Madhya Pradesh,Gwalior,2025-Q3,NBFCs,G,130,5,,,,484774
Madhya Pradesh,Gwalior,2025-Q4,NBFCs,G,753,48,,,,484774
Madhya Pradesh,Gwalior,2026-Q1,NBFCs,G,629,39,,,,484774
